Model,View,AUM_USD_bn,Bucket_order,Participation_bucket,Share_pct
ADV calibrated,Traded dollars,0.1,1,0–1%,92.36262573127442
ADV calibrated,Traded dollars,0.1,2,1–5%,7.63737426872558
ADV calibrated,Traded dollars,0.1,3,5–10%,0
ADV calibrated,Traded dollars,0.1,4,10–25%,0
ADV calibrated,Traded dollars,0.1,5,25–50%,0
ADV calibrated,Traded dollars,0.1,6,50–100%,0
ADV calibrated,Traded dollars,0.1,7,>100%,0
ADV calibrated,Parent orders,0.1,1,0–1%,99.56008731324773
ADV calibrated,Parent orders,0.1,2,1–5%,0.4399126867522683
ADV calibrated,Parent orders,0.1,3,5–10%,0
ADV calibrated,Parent orders,0.1,4,10–25%,0
ADV calibrated,Parent orders,0.1,5,25–50%,0
ADV calibrated,Parent orders,0.1,6,50–100%,0
ADV calibrated,Parent orders,0.1,7,>100%,0
ADV calibrated,Traded dollars,0.2,1,0–1%,78.68023032781156
ADV calibrated,Traded dollars,0.2,2,1–5%,20.872393133595267
ADV calibrated,Traded dollars,0.2,3,5–10%,0.44737653859317356
ADV calibrated,Traded dollars,0.2,4,10–25%,0
ADV calibrated,Traded dollars,0.2,5,25–50%,0
ADV calibrated,Traded dollars,0.2,6,50–100%,0
ADV calibrated,Traded dollars,0.2,7,>100%,0
ADV calibrated,Parent orders,0.2,1,0–1%,98.26306437252553
ADV calibrated,Parent orders,0.2,2,1–5%,1.702109630736826
ADV calibrated,Parent orders,0.2,3,5–10%,0.034825996737634986
ADV calibrated,Parent orders,0.2,4,10–25%,0
ADV calibrated,Parent orders,0.2,5,25–50%,0
ADV calibrated,Parent orders,0.2,6,50–100%,0
ADV calibrated,Parent orders,0.2,7,>100%,0
ADV calibrated,Traded dollars,0.3,1,0–1%,73.55859744993803
ADV calibrated,Traded dollars,0.3,2,1–5%,25.24802463064129
ADV calibrated,Traded dollars,0.3,3,5–10%,1.19337791942068
ADV calibrated,Traded dollars,0.3,4,10–25%,0
ADV calibrated,Traded dollars,0.3,5,25–50%,0
ADV calibrated,Traded dollars,0.3,6,50–100%,0
ADV calibrated,Traded dollars,0.3,7,>100%,0
ADV calibrated,Parent orders,0.3,1,0–1%,97.62425506684818
ADV calibrated,Parent orders,0.3,2,1–5%,2.2841683176418672
ADV calibrated,Parent orders,0.3,3,5–10%,0.09157661550996399
ADV calibrated,Parent orders,0.3,4,10–25%,0
ADV calibrated,Parent orders,0.3,5,25–50%,0
ADV calibrated,Parent orders,0.3,6,50–100%,0
ADV calibrated,Parent orders,0.3,7,>100%,0
ADV calibrated,Traded dollars,0.4,1,0–1%,65.71300398748951
ADV calibrated,Traded dollars,0.4,2,1–5%,29.58936515367156
ADV calibrated,Traded dollars,0.4,3,5–10%,4.2502543202457534
ADV calibrated,Traded dollars,0.4,4,10–25%,0.4473765385931732
ADV calibrated,Traded dollars,0.4,5,25–50%,0
ADV calibrated,Traded dollars,0.4,6,50–100%,0
ADV calibrated,Traded dollars,0.4,7,>100%,0
ADV calibrated,Parent orders,0.4,1,0–1%,96.3454263562854
ADV calibrated,Parent orders,0.4,2,1–5%,3.377462052615143
ADV calibrated,Parent orders,0.4,3,5–10%,0.24228559436182145
ADV calibrated,Parent orders,0.4,4,10–25%,0.034825996737634986
ADV calibrated,Parent orders,0.4,5,25–50%,0
ADV calibrated,Parent orders,0.4,6,50–100%,0
ADV calibrated,Parent orders,0.4,7,>100%,0
ADV calibrated,Traded dollars,0.5,1,0–1%,59.97302310230357
ADV calibrated,Traded dollars,0.5,2,1–5%,32.389602628970856
ADV calibrated,Traded dollars,0.5,3,5–10%,6.764217433168191
ADV calibrated,Traded dollars,0.5,4,10–25%,0.8731568355573773
ADV calibrated,Traded dollars,0.5,5,25–50%,0
ADV calibrated,Traded dollars,0.5,6,50–100%,0
ADV calibrated,Traded dollars,0.5,7,>100%,0
ADV calibrated,Parent orders,0.5,1,0–1%,95.26741511973215
ADV calibrated,Parent orders,0.5,2,1–5%,4.292672193515584
ADV calibrated,Parent orders,0.5,3,5–10%,0.37252942531153604
ADV calibrated,Parent orders,0.5,4,10–25%,0.06738326144073224
ADV calibrated,Parent orders,0.5,5,25–50%,0
ADV calibrated,Parent orders,0.5,6,50–100%,0
ADV calibrated,Parent orders,0.5,7,>100%,0
ADV calibrated,Traded dollars,0.6,1,0–1%,56.38408884113762
ADV calibrated,Traded dollars,0.6,2,1–5%,33.96645013920254
ADV calibrated,Traded dollars,0.6,3,5–10%,8.456083100239159
ADV calibrated,Traded dollars,0.6,4,10–25%,1.193377919420683
ADV calibrated,Traded dollars,0.6,5,25–50%,0
ADV calibrated,Traded dollars,0.6,6,50–100%,0
ADV calibrated,Traded dollars,0.6,7,>100%,0
ADV calibrated,Parent orders,0.6,1,0–1%,94.48845084125495
ADV calibrated,Parent orders,0.6,2,1–5%,4.950637436071939
ADV calibrated,Parent orders,0.6,3,5–10%,0.46933510716315624
ADV calibrated,Parent orders,0.6,4,10–25%,0.09157661550996392
ADV calibrated,Parent orders,0.6,5,25–50%,0
ADV calibrated,Parent orders,0.6,6,50–100%,0
ADV calibrated,Parent orders,0.6,7,>100%,0
ADV calibrated,Traded dollars,0.7,1,0–1%,52.01334497494553
ADV calibrated,Traded dollars,0.7,2,1–5%,36.09753360075056
ADV calibrated,Traded dollars,0.7,3,5–10%,9.843402765494869
ADV calibrated,Traded dollars,0.7,4,10–25%,2.045718658809043
ADV calibrated,Traded dollars,0.7,5,25–50%,0
ADV calibrated,Traded dollars,0.7,6,50–100%,0
ADV calibrated,Traded dollars,0.7,7,>100%,0
ADV calibrated,Parent orders,0.7,1,0–1%,93.17643341186971
ADV calibrated,Parent orders,0.7,2,1–5%,6.073188408074819
ADV calibrated,Parent orders,0.7,3,5–10%,0.611720526326094
ADV calibrated,Parent orders,0.7,4,10–25%,0.13865765372938363
ADV calibrated,Parent orders,0.7,5,25–50%,0
ADV calibrated,Parent orders,0.7,6,50–100%,0
ADV calibrated,Parent orders,0.7,7,>100%,0
ADV calibrated,Traded dollars,0.8,1,0–1%,46.7589232774665
ADV calibrated,Traded dollars,0.8,2,1–5%,37.50271022290307
ADV calibrated,Traded dollars,0.8,3,5–10%,11.040735640791507
ADV calibrated,Traded dollars,0.8,4,10–25%,4.697630858838928
ADV calibrated,Traded dollars,0.8,5,25–50%,0
ADV calibrated,Traded dollars,0.8,6,50–100%,0
ADV calibrated,Traded dollars,0.8,7,>100%,0
ADV calibrated,Parent orders,0.8,1,0–1%,91.3469116538451
ADV calibrated,Parent orders,0.8,2,1–5%,7.516959755741699
ADV calibrated,Parent orders,0.8,3,5–10%,0.8590169993137379
ADV calibrated,Parent orders,0.8,4,10–25%,0.2771115910994563
ADV calibrated,Parent orders,0.8,5,25–50%,0
ADV calibrated,Parent orders,0.8,6,50–100%,0
ADV calibrated,Parent orders,0.8,7,>100%,0
ADV calibrated,Traded dollars,0.9,1,0–1%,42.215093754804265
ADV calibrated,Traded dollars,0.9,2,1–5%,38.565616838463164
ADV calibrated,Traded dollars,0.9,3,5–10%,12.704484275948204
ADV calibrated,Traded dollars,0.9,4,10–25%,6.3335826535572295
ADV calibrated,Traded dollars,0.9,5,25–50%,0.18122247722714221
ADV calibrated,Traded dollars,0.9,6,50–100%,0
ADV calibrated,Traded dollars,0.9,7,>100%,0
ADV calibrated,Parent orders,0.9,1,0–1%,89.62423386842428
ADV calibrated,Parent orders,0.9,2,1–5%,8.87244713244444
ADV calibrated,Parent orders,0.9,3,5–10%,1.127077389961034
ADV calibrated,Parent orders,0.9,4,10–25%,0.3620573713631077
ADV calibrated,Parent orders,0.9,5,25–50%,0.014184237807122684
ADV calibrated,Parent orders,0.9,6,50–100%,0
ADV calibrated,Parent orders,0.9,7,>100%,0
ADV calibrated,Traded dollars,1,1,0–1%,40.20184276787159
ADV calibrated,Traded dollars,1,2,1–5%,38.47838755994
ADV calibrated,Traded dollars,1,3,5–10%,13.682395403462838
ADV calibrated,Traded dollars,1,4,10–25%,7.189997730132385
ADV calibrated,Traded dollars,1,5,25–50%,0.44737653859317267
ADV calibrated,Traded dollars,1,6,50–100%,0
ADV calibrated,Traded dollars,1,7,>100%,0
ADV calibrated,Parent orders,1,1,0–1%,88.80478578446936
ADV calibrated,Parent orders,1,2,1–5%,9.458278588056189
ADV calibrated,Parent orders,1,3,5–10%,1.2970229407221898
ADV calibrated,Parent orders,1,4,10–25%,0.40508669001463316
ADV calibrated,Parent orders,1,5,25–50%,0.03482599673763496
ADV calibrated,Parent orders,1,6,50–100%,0
ADV calibrated,Parent orders,1,7,>100%,0
ADV calibrated,Traded dollars,1.1,1,0–1%,36.678410325080684
ADV calibrated,Traded dollars,1.1,2,1–5%,41.02154219619207
ADV calibrated,Traded dollars,1.1,3,5–10%,13.6162047627184
ADV calibrated,Traded dollars,1.1,4,10–25%,8.063239874977787
ADV calibrated,Traded dollars,1.1,5,25–50%,0.6206028410310527
ADV calibrated,Traded dollars,1.1,6,50–100%,0
ADV calibrated,Traded dollars,1.1,7,>100%,0
ADV calibrated,Parent orders,1.1,1,0–1%,87.25434837592411
ADV calibrated,Parent orders,1.1,2,1–5%,10.895502892081876
ADV calibrated,Parent orders,1.1,3,5–10%,1.3486317962115555
ADV calibrated,Parent orders,1.1,4,10–25%,0.45337889059215547
ADV calibrated,Parent orders,1.1,5,25–50%,0.04813804519030112
ADV calibrated,Parent orders,1.1,6,50–100%,0
ADV calibrated,Parent orders,1.1,7,>100%,0
ADV calibrated,Traded dollars,1.2,1,0–1%,35.16291525047512
ADV calibrated,Traded dollars,1.2,2,1–5%,40.723663358401595
ADV calibrated,Traded dollars,1.2,3,5–10%,14.463960371463454
ADV calibrated,Traded dollars,1.2,4,10–25%,8.859438558032599
ADV calibrated,Traded dollars,1.2,5,25–50%,0.790022461627241
ADV calibrated,Traded dollars,1.2,6,50–100%,0
ADV calibrated,Traded dollars,1.2,7,>100%,0
ADV calibrated,Parent orders,1.2,1,0–1%,86.52571835765049
ADV calibrated,Parent orders,1.2,2,1–5%,11.405402721199513
ADV calibrated,Parent orders,1.2,3,5–10%,1.5079671984768952
ADV calibrated,Parent orders,1.2,4,10–25%,0.4998436340929561
ADV calibrated,Parent orders,1.2,5,25–50%,0.06106808858016327
ADV calibrated,Parent orders,1.2,6,50–100%,0
ADV calibrated,Parent orders,1.2,7,>100%,0
ADV calibrated,Traded dollars,1.3,1,0–1%,33.808182309309224
ADV calibrated,Traded dollars,1.3,2,1–5%,41.24843655445782
ADV calibrated,Traded dollars,1.3,3,5–10%,14.843037720544498
ADV calibrated,Traded dollars,1.3,4,10–25%,9.145196546091004
ADV calibrated,Traded dollars,1.3,5,25–50%,0.955146869597447
ADV calibrated,Traded dollars,1.3,6,50–100%,0
ADV calibrated,Traded dollars,1.3,7,>100%,0
ADV calibrated,Parent orders,1.3,1,0–1%,85.83009246121827
ADV calibrated,Parent orders,1.3,2,1–5%,11.995756693296034
ADV calibrated,Parent orders,1.3,3,5–10%,1.5844239940691092
ADV calibrated,Parent orders,1.3,4,10–25%,0.5161320757291911
ADV calibrated,Parent orders,1.3,5,25–50%,0.07359477568739031
ADV calibrated,Parent orders,1.3,6,50–100%,0
ADV calibrated,Parent orders,1.3,7,>100%,0
ADV calibrated,Traded dollars,1.4,1,0–1%,33.808182309309196
ADV calibrated,Traded dollars,1.4,2,1–5%,40.471853306280316
ADV calibrated,Traded dollars,1.4,3,5–10%,13.830842960106567
ADV calibrated,Traded dollars,1.4,4,10–25%,10.773765507818647
ADV calibrated,Traded dollars,1.4,5,25–50%,1.1153559164852884
ADV calibrated,Traded dollars,1.4,6,50–100%,0
ADV calibrated,Traded dollars,1.4,7,>100%,0
ADV calibrated,Parent orders,1.4,1,0–1%,85.83009246121829
ADV calibrated,Parent orders,1.4,2,1–5%,11.893408811381141
ADV calibrated,Parent orders,1.4,3,5–10%,1.5261205473451114
ADV calibrated,Parent orders,1.4,4,10–25%,0.664683483789957
ADV calibrated,Parent orders,1.4,5,25–50%,0.08569469626551862
ADV calibrated,Parent orders,1.4,6,50–100%,0
ADV calibrated,Parent orders,1.4,7,>100%,0
ADV calibrated,Traded dollars,1.5,1,0–1%,32.61172907219955
ADV calibrated,Traded dollars,1.5,2,1–5%,40.9468683777384
ADV calibrated,Traded dollars,1.5,3,5–10%,13.230044291295648
ADV calibrated,Traded dollars,1.5,4,10–25%,12.017980339345723
ADV calibrated,Traded dollars,1.5,5,25–50%,1.1933779194206826
ADV calibrated,Traded dollars,1.5,6,50–100%,0
ADV calibrated,Traded dollars,1.5,7,>100%,0
ADV calibrated,Parent orders,1.5,1,0–1%,85.16930619062983
ADV calibrated,Parent orders,1.5,2,1–5%,12.454948876218367
ADV calibrated,Parent orders,1.5,3,5–10%,1.4948135550017776
ADV calibrated,Parent orders,1.5,4,10–25%,0.7893547626400857
ADV calibrated,Parent orders,1.5,5,25–50%,0.09157661550996386
ADV calibrated,Parent orders,1.5,6,50–100%,0
ADV calibrated,Parent orders,1.5,7,>100%,0
ADV calibrated,Traded dollars,1.6,1,0–1%,32.61172469987276
ADV calibrated,Traded dollars,1.6,2,1–5%,40.94687275006521
ADV calibrated,Traded dollars,1.6,3,5–10%,10.703036050431608
ADV calibrated,Traded dollars,1.6,4,10–25%,14.468508259595009
ADV calibrated,Traded dollars,1.6,5,25–50%,1.269858240035412
ADV calibrated,Traded dollars,1.6,6,50–100%,0
ADV calibrated,Traded dollars,1.6,7,>100%,0
ADV calibrated,Parent orders,1.6,1,0–1%,85.16905022869113
ADV calibrated,Parent orders,1.6,2,1–5%,12.45520483815704
ADV calibrated,Parent orders,1.6,3,5–10%,1.2396163427386355
ADV calibrated,Parent orders,1.6,4,10–25%,1.0387867391622732
ADV calibrated,Parent orders,1.6,5,25–50%,0.09734185125092007
ADV calibrated,Parent orders,1.6,6,50–100%,0
ADV calibrated,Parent orders,1.6,7,>100%,0
ADV calibrated,Traded dollars,1.7,1,0–1%,31.571040747422778
ADV calibrated,Traded dollars,1.7,2,1–5%,41.3231067948626
ADV calibrated,Traded dollars,1.7,3,5–10%,10.164782792052032
ADV calibrated,Traded dollars,1.7,4,10–25%,15.596407287092484
ADV calibrated,Traded dollars,1.7,5,25–50%,1.3446623785701062
ADV calibrated,Traded dollars,1.7,6,50–100%,0
ADV calibrated,Traded dollars,1.7,7,>100%,0
ADV calibrated,Parent orders,1.7,1,0–1%,84.54561244313113
ADV calibrated,Parent orders,1.7,2,1–5%,12.982708875097492
ADV calibrated,Parent orders,1.7,3,5–10%,1.2110123439766132
ADV calibrated,Parent orders,1.7,4,10–25%,1.157679726054285
ADV calibrated,Parent orders,1.7,5,25–50%,0.10298661174047383
ADV calibrated,Parent orders,1.7,6,50–100%,0
ADV calibrated,Parent orders,1.7,7,>100%,0
ADV calibrated,Traded dollars,1.8,1,0–1%,31.571040747422884
ADV calibrated,Traded dollars,1.8,2,1–5%,38.27415807472878
ADV calibrated,Traded dollars,1.8,3,5–10%,10.935511771115722
ADV calibrated,Traded dollars,1.8,4,10–25%,16.487350730474173
ADV calibrated,Traded dollars,1.8,5,25–50%,2.5507161990313048
ADV calibrated,Traded dollars,1.8,6,50–100%,0.18122247722714235
ADV calibrated,Traded dollars,1.8,7,>100%,0
ADV calibrated,Parent orders,1.8,1,0–1%,84.54561244313113
ADV calibrated,Parent orders,1.8,2,1–5%,12.497548739797566
ADV calibrated,Parent orders,1.8,3,5–10%,1.4535198179400357
ADV calibrated,Parent orders,1.8,4,10–25%,1.3294046584468746
ADV calibrated,Parent orders,1.8,5,25–50%,0.15973010287726913
ADV calibrated,Parent orders,1.8,6,50–100%,0.01418423780712269
ADV calibrated,Parent orders,1.8,7,>100%,0
ADV calibrated,Traded dollars,1.9,1,0–1%,30.68346460526725
ADV calibrated,Traded dollars,1.9,2,1–5%,37.72597200960469
ADV calibrated,Traded dollars,1.9,3,5–10%,11.298171895407785
ADV calibrated,Traded dollars,1.9,4,10–25%,16.88945541686806
ADV calibrated,Traded dollars,1.9,5,25–50%,3.132206115497175
ADV calibrated,Traded dollars,1.9,6,50–100%,0.2707299573550432
ADV calibrated,Traded dollars,1.9,7,>100%,0
ADV calibrated,Parent orders,1.9,1,0–1%,83.96182959750718
ADV calibrated,Parent orders,1.9,2,1–5%,12.84468912030933
ADV calibrated,Parent orders,1.9,3,5–10%,1.5721853789560627
ADV calibrated,Parent orders,1.9,4,10–25%,1.4125476260270555
ADV calibrated,Parent orders,1.9,5,25–50%,0.1875966876453792
ADV calibrated,Parent orders,1.9,6,50–100%,0.02115158955500459
ADV calibrated,Parent orders,1.9,7,>100%,0
ADV calibrated,Traded dollars,2,1,0–1%,30.683464605267208
ADV calibrated,Traded dollars,2,2,1–5%,35.02953938222227
ADV calibrated,Traded dollars,2,3,5–10%,12.967226340322124
ADV calibrated,Traded dollars,2,4,10–25%,16.622138813349483
ADV calibrated,Traded dollars,2,5,25–50%,4.250254320245744
ADV calibrated,Traded dollars,2,6,50–100%,0.44737653859317295
ADV calibrated,Traded dollars,2,7,>100%,0
ADV calibrated,Parent orders,2,1,0–1%,83.96182959750718
ADV calibrated,Parent orders,2,2,1–5%,12.383596758778227
ADV calibrated,Parent orders,2,3,5–10%,1.9176380162401372
ADV calibrated,Parent orders,2,4,10–25%,1.4598240363750044
ADV calibrated,Parent orders,2,5,25–50%,0.24228559436182134
ADV calibrated,Parent orders,2,6,50–100%,0.03482599673763497
ADV calibrated,Parent orders,2,7,>100%,0
ADV calibrated,Traded dollars,2.1,1,0–1%,29.946042049140157
ADV calibrated,Traded dollars,2.1,2,1–5%,34.505398894545316
ADV calibrated,Traded dollars,2.1,3,5–10%,14.228789384126092
ADV calibrated,Traded dollars,2.1,4,10–25%,15.999303806450786
ADV calibrated,Traded dollars,2.1,5,25–50%,4.7860265940042765
ADV calibrated,Traded dollars,2.1,6,50–100%,0.5344392717333845
ADV calibrated,Traded dollars,2.1,7,>100%,0
ADV calibrated,Parent orders,2.1,1,0–1%,83.42156447735746
ADV calibrated,Parent orders,2.1,2,1–5%,12.699553763678148
ADV calibrated,Parent orders,2.1,3,5–10%,2.1419461314899104
ADV calibrated,Parent orders,2.1,4,10–25%,1.4263143841989634
ADV calibrated,Parent orders,2.1,5,25–50%,0.2690927362114738
ADV calibrated,Parent orders,2.1,6,50–100%,0.04152850706402244
ADV calibrated,Parent orders,2.1,7,>100%,0
ADV calibrated,Traded dollars,2.2,1,0–1%,29.946042049140146
ADV calibrated,Traded dollars,2.2,2,1–5%,33.30103050029507
ADV calibrated,Traded dollars,2.2,3,5–10%,14.452879971837518
ADV calibrated,Traded dollars,2.2,4,10–25%,16.373696086857404
ADV calibrated,Traded dollars,2.2,5,25–50%,5.305748550838794
ADV calibrated,Traded dollars,2.2,6,50–100%,0.6206028410310523
ADV calibrated,Traded dollars,2.2,7,>100%,0
ADV calibrated,Parent orders,2.2,1,0–1%,83.42156447735748
ADV calibrated,Parent orders,2.2,2,1–5%,12.479508444133527
ADV calibrated,Parent orders,2.2,3,5–10%,2.24877834651498
ADV calibrated,Parent orders,2.2,4,10–25%,1.506480204224809
ADV calibrated,Parent orders,2.2,5,25–50%,0.2955304825789048
ADV calibrated,Parent orders,2.2,6,50–100%,0.04813804519030113
ADV calibrated,Parent orders,2.2,7,>100%,0
ADV calibrated,Traded dollars,2.3,1,0–1%,29.94604204914017
ADV calibrated,Traded dollars,2.3,2,1–5%,32.15344052104499
ADV calibrated,Traded dollars,2.3,3,5–10%,14.668743294918723
ADV calibrated,Traded dollars,2.3,4,10–25%,16.716969004111746
ADV calibrated,Traded dollars,2.3,5,25–50%,5.8089888090532975
ADV calibrated,Traded dollars,2.3,6,50–100%,0.7058163217310788
ADV calibrated,Traded dollars,2.3,7,>100%,0
ADV calibrated,Parent orders,2.3,1,0–1%,83.42156447735748
ADV calibrated,Parent orders,2.3,2,1–5%,12.26381218788188
ADV calibrated,Parent orders,2.3,3,5–10%,2.353788758546765
ADV calibrated,Parent orders,2.3,4,10–25%,1.584592967043649
ADV calibrated,Parent orders,2.3,5,25–50%,0.32158950067388625
ADV calibrated,Parent orders,2.3,6,50–100%,0.054652108496343846
ADV calibrated,Parent orders,2.3,7,>100%,0
ADV calibrated,Traded dollars,2.4,1,0–1%,29.946042049140164
ADV calibrated,Traded dollars,2.4,2,1–5%,31.06222301597022
ADV calibrated,Traded dollars,2.4,3,5–10%,14.878313543766325
ADV calibrated,Traded dollars,2.4,4,10–25%,17.02809912347678
ADV calibrated,Traded dollars,2.4,5,25–50%,6.295299806019285
ADV calibrated,Traded dollars,2.4,6,50–100%,0.7900224616272414
ADV calibrated,Traded dollars,2.4,7,>100%,0
ADV calibrated,Parent orders,2.4,1,0–1%,83.42156447735748
ADV calibrated,Parent orders,2.4,2,1–5%,12.052558807598924
ADV calibrated,Parent orders,2.4,3,5–10%,2.4569977938935854
ADV calibrated,Parent orders,2.4,4,10–25%,1.66055126590571
ADV calibrated,Parent orders,2.4,5,25–50%,0.3472595666641444
ADV calibrated,Parent orders,2.4,6,50–100%,0.061068088580163306
ADV calibrated,Parent orders,2.4,7,>100%,0
ADV calibrated,Traded dollars,2.5,1,0–1%,29.355231488959923
ADV calibrated,Traded dollars,2.5,2,1–5%,30.617791613343623
ADV calibrated,Traded dollars,2.5,3,5–10%,15.913555506573152
ADV calibrated,Traded dollars,2.5,4,10–25%,16.476047122397723
ADV calibrated,Traded dollars,2.5,5,25–50%,6.764217433168183
ADV calibrated,Traded dollars,2.5,6,50–100%,0.8731568355573771
ADV calibrated,Traded dollars,2.5,7,>100%,0
ADV calibrated,Parent orders,2.5,1,0–1%,82.92956149125
ADV calibrated,Parent orders,2.5,2,1–5%,12.33785362848216
ADV calibrated,Parent orders,2.5,3,5–10%,2.6637059591178214
ADV calibrated,Parent orders,2.5,4,10–25%,1.6289662343977471
ADV calibrated,Parent orders,2.5,5,25–50%,0.37252942531153566
ADV calibrated,Parent orders,2.5,6,50–100%,0.06738326144073217
ADV calibrated,Parent orders,2.5,7,>100%,0
ADV calibrated,Traded dollars,2.6,1,0–1%,29.35523148895996
ADV calibrated,Traded dollars,2.6,2,1–5%,29.638135702983195
ADV calibrated,Traded dollars,2.6,3,5–10%,16.063251671823895
ADV calibrated,Traded dollars,2.6,4,10–25%,16.772973490430736
ADV calibrated,Traded dollars,2.6,5,25–50%,7.215260776204757
ADV calibrated,Traded dollars,2.6,6,50–100%,0.955146869597447
ADV calibrated,Traded dollars,2.6,7,>100%,0
ADV calibrated,Parent orders,2.6,1,0–1%,82.92956149125
ADV calibrated,Parent orders,2.6,2,1–5%,12.135802698779386
ADV calibrated,Parent orders,2.6,3,5–10%,2.760484964484928
ADV calibrated,Parent orders,2.6,4,10–25%,1.7031694481932704
ADV calibrated,Parent orders,2.6,5,25–50%,0.3973866216050303
ADV calibrated,Parent orders,2.6,6,50–100%,0.0735947756873903
ADV calibrated,Parent orders,2.6,7,>100%,0
ADV calibrated,Traded dollars,2.7,1,0–1%,29.355231488959948
ADV calibrated,Traded dollars,2.7,2,1–5%,28.713681874438404
ADV calibrated,Traded dollars,2.7,3,5–10%,16.987705500368694
ADV calibrated,Traded dollars,2.7,4,10–25%,16.259538420224114
ADV calibrated,Traded dollars,2.7,5,25–50%,7.647932004803446
ADV calibrated,Traded dollars,2.7,6,50–100%,1.0359107112053936
ADV calibrated,Traded dollars,2.7,7,>100%,0
ADV calibrated,Parent orders,2.7,1,0–1%,82.92956149124998
ADV calibrated,Parent orders,2.7,2,1–5%,11.938532073596777
ADV calibrated,Parent orders,2.7,3,5–10%,2.9577555896675385
ADV calibrated,Parent orders,2.7,4,10–25%,1.6726339097032334
ADV calibrated,Parent orders,2.7,5,25–50%,0.42181729760437436
ADV calibrated,Parent orders,2.7,6,50–100%,0.07969963817808233
ADV calibrated,Parent orders,2.7,7,>100%,0
ADV calibrated,Traded dollars,2.8,1,0–1%,29.35523148895995
ADV calibrated,Traded dollars,2.8,2,1–5%,27.84404930165089
ADV calibrated,Traded dollars,2.8,3,5–10%,17.080754824978666
ADV calibrated,Traded dollars,2.8,4,10–25%,16.54289199647322
ADV calibrated,Traded dollars,2.8,5,25–50%,8.061716471451987
ADV calibrated,Traded dollars,2.8,6,50–100%,1.115355916485289
ADV calibrated,Traded dollars,2.8,7,>100%,0
ADV calibrated,Parent orders,2.8,1,0–1%,82.92956149124998
ADV calibrated,Parent orders,2.8,2,1–5%,11.746177498870718
ADV calibrated,Parent orders,2.8,3,5–10%,3.0477622824787
ADV calibrated,Parent orders,2.8,4,10–25%,1.7449980853958016
ADV calibrated,Parent orders,2.8,5,25–50%,0.4458059457392654
ADV calibrated,Parent orders,2.8,6,50–100%,0.08569469626551858
ADV calibrated,Parent orders,2.8,7,>100%,0
ADV calibrated,Traded dollars,2.9,1,0–1%,29.355231488959934
ADV calibrated,Traded dollars,2.9,2,1–5%,27.844049301650912
ADV calibrated,Traded dollars,2.9,3,5–10%,17.080754824978666
ADV calibrated,Traded dollars,2.9,4,10–25%,16.54289199647321
ADV calibrated,Traded dollars,2.9,5,25–50%,8.06171647145199
ADV calibrated,Traded dollars,2.9,6,50–100%,1.115355916485288
ADV calibrated,Traded dollars,2.9,7,>100%,0
ADV calibrated,Parent orders,2.9,1,0–1%,82.92956149124998
ADV calibrated,Parent orders,2.9,2,1–5%,11.746177498870718
ADV calibrated,Parent orders,2.9,3,5–10%,3.0477622824787
ADV calibrated,Parent orders,2.9,4,10–25%,1.7449980853958016
ADV calibrated,Parent orders,2.9,5,25–50%,0.4458059457392654
ADV calibrated,Parent orders,2.9,6,50–100%,0.08569469626551858
ADV calibrated,Parent orders,2.9,7,>100%,0
ADV calibrated,Traded dollars,3,1,0–1%,29.355231488959934
ADV calibrated,Traded dollars,3,2,1–5%,27.02885735217763
ADV calibrated,Traded dollars,3,3,5–10%,17.174508608800394
ADV calibrated,Traded dollars,3,4,10–25%,16.791941530402198
ADV calibrated,Traded dollars,3,5,25–50%,8.456083100239164
ADV calibrated,Traded dollars,3,6,50–100%,1.1933779194206817
ADV calibrated,Traded dollars,3,7,>100%,0
ADV calibrated,Parent orders,3,1,0–1%,82.92956149125
ADV calibrated,Parent orders,3,2,1–5%,11.558889350004964
ADV calibrated,Parent orders,3,3,5–10%,3.135804225593215
ADV calibrated,Parent orders,3,4,10–25%,1.8148332104787046
ADV calibrated,Parent orders,3,5,25–50%,0.46933510716315563
ADV calibrated,Parent orders,3,6,50–100%,0.09157661550996381
ADV calibrated,Parent orders,3,7,>100%,0
ADV calibrated,Traded dollars,3.1,1,0–1%,28.906429497869187
ADV calibrated,Traded dollars,3.1,2,1–5%,27.47765934326842
ADV calibrated,Traded dollars,3.1,3,5–10%,17.174508608800394
ADV calibrated,Traded dollars,3.1,4,10–25%,16.791941530402163
ADV calibrated,Traded dollars,3.1,5,25–50%,8.45608310023915
ADV calibrated,Traded dollars,3.1,6,50–100%,1.1933779194206822
ADV calibrated,Traded dollars,3.1,7,>100%,0
ADV calibrated,Parent orders,3.1,1,0–1%,82.49227600411946
ADV calibrated,Parent orders,3.1,2,1–5%,11.996174837135495
ADV calibrated,Parent orders,3.1,3,5–10%,3.135804225593215
ADV calibrated,Parent orders,3.1,4,10–25%,1.8148332104787046
ADV calibrated,Parent orders,3.1,5,25–50%,0.46933510716315563
ADV calibrated,Parent orders,3.1,6,50–100%,0.09157661550996381
ADV calibrated,Parent orders,3.1,7,>100%,0
ADV calibrated,Traded dollars,3.2,1,0–1%,28.906429497869198
ADV calibrated,Traded dollars,3.2,2,1–5%,26.716523887175065
ADV calibrated,Traded dollars,3.2,3,5–10%,17.935644064893708
ADV calibrated,Traded dollars,3.2,4,10–25%,16.341059134373594
ADV calibrated,Traded dollars,3.2,5,25–50%,8.830485175653036
ADV calibrated,Traded dollars,3.2,6,50–100%,1.2698582400354126
ADV calibrated,Traded dollars,3.2,7,>100%,0
ADV calibrated,Parent orders,3.2,1,0–1%,82.49227600411946
ADV calibrated,Parent orders,3.2,2,1–5%,11.81412047710063
ADV calibrated,Parent orders,3.2,3,5–10%,3.317858585628084
ADV calibrated,Parent orders,3.2,4,10–25%,1.7860180817352453
ADV calibrated,Parent orders,3.2,5,25–50%,0.4923850001656613
ADV calibrated,Parent orders,3.2,6,50–100%,0.09734185125092
ADV calibrated,Parent orders,3.2,7,>100%,0
ADV calibrated,Traded dollars,3.3,1,0–1%,28.906429497869187
ADV calibrated,Traded dollars,3.3,2,1–5%,26.009052648296656
ADV calibrated,Traded dollars,3.3,3,5–10%,17.978665396119542
ADV calibrated,Traded dollars,3.3,4,10–25%,16.576828396728345
ADV calibrated,Traded dollars,3.3,5,25–50%,9.18436168241616
ADV calibrated,Traded dollars,3.3,6,50–100%,1.3446623785701044
ADV calibrated,Traded dollars,3.3,7,>100%,0
ADV calibrated,Parent orders,3.3,1,0–1%,82.49227600411946
ADV calibrated,Parent orders,3.3,2,1–5%,11.637487126673534
ADV calibrated,Parent orders,3.3,3,5–10%,3.3985581874356336
ADV calibrated,Parent orders,3.3,4,10–25%,1.8537590113285252
ADV calibrated,Parent orders,3.3,5,25–50%,0.5149330587023685
ADV calibrated,Parent orders,3.3,6,50–100%,0.10298661174047374
ADV calibrated,Parent orders,3.3,7,>100%,0
ADV calibrated,Traded dollars,3.4,1,0–1%,28.906429497869187
ADV calibrated,Traded dollars,3.4,2,1–5%,26.009052648296663
ADV calibrated,Traded dollars,3.4,3,5–10%,17.978665396119546
ADV calibrated,Traded dollars,3.4,4,10–25%,16.576828396728338
ADV calibrated,Traded dollars,3.4,5,25–50%,9.184361682416156
ADV calibrated,Traded dollars,3.4,6,50–100%,1.3446623785701055
ADV calibrated,Traded dollars,3.4,7,>100%,0
ADV calibrated,Parent orders,3.4,1,0–1%,82.49227600411946
ADV calibrated,Parent orders,3.4,2,1–5%,11.637487126673534
ADV calibrated,Parent orders,3.4,3,5–10%,3.3985581874356336
ADV calibrated,Parent orders,3.4,4,10–25%,1.8537590113285252
ADV calibrated,Parent orders,3.4,5,25–50%,0.5149330587023685
ADV calibrated,Parent orders,3.4,6,50–100%,0.10298661174047374
ADV calibrated,Parent orders,3.4,7,>100%,0
ADV calibrated,Traded dollars,3.5,1,0–1%,28.906429497869183
ADV calibrated,Traded dollars,3.5,2,1–5%,23.106915477076416
ADV calibrated,Traded dollars,3.5,3,5–10%,19.32659731382599
ADV calibrated,Traded dollars,3.5,4,10–25%,16.770936286924485
ADV calibrated,Traded dollars,3.5,5,25–50%,9.843402765494872
ADV calibrated,Traded dollars,3.5,6,50–100%,1.9547490391972817
ADV calibrated,Traded dollars,3.5,7,>100%,0.0909696196117602
ADV calibrated,Parent orders,3.5,1,0–1%,82.49227600411946
ADV calibrated,Parent orders,3.5,2,1–5%,10.68415740775026
ADV calibrated,Parent orders,3.5,3,5–10%,4.107348310795215
ADV calibrated,Parent orders,3.5,4,10–25%,1.9658400972795846
ADV calibrated,Parent orders,3.5,5,25–50%,0.611720526326093
ADV calibrated,Parent orders,3.5,6,50–100%,0.13152463818367338
ADV calibrated,Parent orders,3.5,7,>100%,0.007133015545710027
ADV calibrated,Traded dollars,3.6,1,0–1%,25.316716029594687
ADV calibrated,Traded dollars,3.6,2,1–5%,26.696628945350913
ADV calibrated,Traded dollars,3.6,3,5–10%,17.83185384720606
ADV calibrated,Traded dollars,3.6,4,10–25%,18.265679753544426
ADV calibrated,Traded dollars,3.6,5,25–50%,9.15718274804547
ADV calibrated,Traded dollars,3.6,6,50–100%,2.550716199031305
ADV calibrated,Traded dollars,3.6,7,>100%,0.18122247722714238
ADV calibrated,Parent orders,3.6,1,0–1%,75.05246758402922
ADV calibrated,Parent orders,3.6,2,1–5%,18.12396582784049
ADV calibrated,Parent orders,3.6,3,5–10%,3.8667277710589794
ADV calibrated,Parent orders,3.6,4,10–25%,2.206460637015816
ADV calibrated,Parent orders,3.6,5,25–50%,0.5764638393710846
ADV calibrated,Parent orders,3.6,6,50–100%,0.15973010287726894
ADV calibrated,Parent orders,3.6,7,>100%,0.014184237807122673
ADV calibrated,Traded dollars,3.7,1,0–1%,25.316716029594684
ADV calibrated,Traded dollars,3.7,2,1–5%,23.978947967823864
ADV calibrated,Traded dollars,3.7,3,5–10%,19.113772617453407
ADV calibrated,Traded dollars,3.7,4,10–25%,18.379205126361644
ADV calibrated,Traded dollars,3.7,5,25–50%,9.808422185914177
ADV calibrated,Traded dollars,3.7,6,50–100%,3.1322061154971754
ADV calibrated,Traded dollars,3.7,7,>100%,0.2707299573550431
ADV calibrated,Parent orders,3.7,1,0–1%,75.05246758402923
ADV calibrated,Parent orders,3.7,2,1–5%,17.196167843378632
ADV calibrated,Parent orders,3.7,3,5–10%,4.5578832904086495
ADV calibrated,Parent orders,3.7,4,10–25%,2.312549904033446
ADV calibrated,Parent orders,3.7,5,25–50%,0.672183100949666
ADV calibrated,Parent orders,3.7,6,50–100%,0.18759668764537904
ADV calibrated,Parent orders,3.7,7,>100%,0.021151589555004572
ADV calibrated,Traded dollars,3.8,1,0–1%,21.95807864790324
ADV calibrated,Traded dollars,3.8,2,1–5%,27.337585349515315
ADV calibrated,Traded dollars,3.8,3,5–10%,19.113772617453407
ADV calibrated,Traded dollars,3.8,4,10–25%,17.09578747148337
ADV calibrated,Traded dollars,3.8,5,25–50%,11.091839840792451
ADV calibrated,Traded dollars,3.8,6,50–100%,3.132206115497174
ADV calibrated,Traded dollars,3.8,7,>100%,0.2707299573550431
ADV calibrated,Parent orders,3.8,1,0–1%,67.8247518884289
ADV calibrated,Parent orders,3.8,2,1–5%,24.42388353897895
ADV calibrated,Parent orders,3.8,3,5–10%,4.557883290408647
ADV calibrated,Parent orders,3.8,4,10–25%,2.1839494199643235
ADV calibrated,Parent orders,3.8,5,25–50%,0.8007835850187872
ADV calibrated,Parent orders,3.8,6,50–100%,0.18759668764537893
ADV calibrated,Parent orders,3.8,7,>100%,0.021151589555004558
ADV calibrated,Traded dollars,3.9,1,0–1%,21.958078647903232
ADV calibrated,Traded dollars,3.9,2,1–5%,24.80084462956329
ADV calibrated,Traded dollars,3.9,3,5–10%,20.273265992194357
ADV calibrated,Traded dollars,3.9,4,10–25%,18.473034816694405
ADV calibrated,Traded dollars,3.9,5,25–50%,10.436468572264726
ADV calibrated,Traded dollars,3.9,6,50–100%,3.6988473676113176
ADV calibrated,Traded dollars,3.9,7,>100%,0.35945997376864347
ADV calibrated,Parent orders,3.9,1,0–1%,67.8247518884289
ADV calibrated,Parent orders,3.9,2,1–5%,23.522159765416205
ADV calibrated,Parent orders,3.9,3,5–10%,5.2270060526038185
ADV calibrated,Parent orders,3.9,4,10–25%,2.4165504313318857
ADV calibrated,Parent orders,3.9,5,25–50%,0.7663813264415965
ADV calibrated,Parent orders,3.9,6,50–100%,0.21511761644409064
ADV calibrated,Parent orders,3.9,7,>100%,0.028032919333483907
ADV calibrated,Traded dollars,4,1,0–1%,21.95807864790323
ADV calibrated,Traded dollars,4,2,1–5%,24.800844629563294
ADV calibrated,Traded dollars,4,3,5–10%,18.954080710022946
ADV calibrated,Traded dollars,4,4,10–25%,18.54862951288011
ADV calibrated,Traded dollars,4,5,25–50%,11.040735640791494
ADV calibrated,Traded dollars,4,6,50–100%,4.250254320245743
ADV calibrated,Traded dollars,4,7,>100%,0.44737653859317283
ADV calibrated,Parent orders,4,1,0–1%,67.8247518884289
ADV calibrated,Parent orders,4,2,1–5%,23.52215976541621
ADV calibrated,Parent orders,4,3,5–10%,4.9985147024402865
ADV calibrated,Parent orders,4,4,10–25%,2.518445053301399
ADV calibrated,Parent orders,4,5,25–50%,0.8590169993137368
ADV calibrated,Parent orders,4,6,50–100%,0.24228559436182098
ADV calibrated,Parent orders,4,7,>100%,0.034825996737634916
ADV calibrated,Traded dollars,4.1,1,0–1%,18.831038946767425
ADV calibrated,Traded dollars,4.1,2,1–5%,27.927884330699104
ADV calibrated,Traded dollars,4.1,3,5–10%,18.954080710022943
ADV calibrated,Traded dollars,4.1,4,10–25%,17.345926346847943
ADV calibrated,Traded dollars,4.1,5,25–50%,12.243438806823658
ADV calibrated,Traded dollars,4.1,6,50–100%,4.250254320245748
ADV calibrated,Traded dollars,4.1,7,>100%,0.44737653859317295
ADV calibrated,Parent orders,4.1,1,0–1%,60.81719518038967
ADV calibrated,Parent orders,4.1,2,1–5%,30.529716473455448
ADV calibrated,Parent orders,4.1,3,5–10%,4.998514702440287
ADV calibrated,Parent orders,4.1,4,10–25%,2.3939073059198366
ADV calibrated,Parent orders,4.1,5,25–50%,0.9835547466953013
ADV calibrated,Parent orders,4.1,6,50–100%,0.24228559436182104
ADV calibrated,Parent orders,4.1,7,>100%,0.03482599673763492
ADV calibrated,Traded dollars,4.2,1,0–1%,18.831038946767414
ADV calibrated,Traded dollars,4.2,2,1–5%,25.568748478794003
ADV calibrated,Traded dollars,4.2,3,5–10%,20.05165351812412
ADV calibrated,Traded dollars,4.2,4,10–25%,18.607489390651892
ADV calibrated,Traded dollars,4.2,5,25–50%,11.620603799924918
ADV calibrated,Traded dollars,4.2,6,50–100%,4.7860265940042686
ADV calibrated,Traded dollars,4.2,7,>100%,0.5344392717333836
ADV calibrated,Parent orders,4.2,1,0–1%,60.81719518038968
ADV calibrated,Parent orders,4.2,2,1–5%,29.654682159214182
ADV calibrated,Parent orders,4.2,3,5–10%,5.64924090143178
ADV calibrated,Parent orders,4.2,4,10–25%,2.618215421169612
ADV calibrated,Parent orders,4.2,5,25–50%,0.9500450945192609
ADV calibrated,Parent orders,4.2,6,50–100%,0.26909273621147356
ADV calibrated,Parent orders,4.2,7,>100%,0.041528507064022405
ADV calibrated,Traded dollars,4.3,1,0–1%,18.83103894676743
ADV calibrated,Traded dollars,4.3,2,1–5%,25.568748478794006
ADV calibrated,Traded dollars,4.3,3,5–10%,18.847285123873775
ADV calibrated,Traded dollars,4.3,4,10–25%,18.651158260005392
ADV calibrated,Traded dollars,4.3,5,25–50%,12.175417798689544
ADV calibrated,Traded dollars,4.3,6,50–100%,5.305748550838791
ADV calibrated,Traded dollars,4.3,7,>100%,0.6206028410310527
ADV calibrated,Parent orders,4.3,1,0–1%,60.81719518038968
ADV calibrated,Parent orders,4.3,2,1–5%,29.654682159214182
ADV calibrated,Parent orders,4.3,3,5–10%,5.429195581887147
ADV calibrated,Parent orders,4.3,4,10–25%,2.7158420379899533
ADV calibrated,Parent orders,4.3,5,25–50%,1.039416512749835
ADV calibrated,Parent orders,4.3,6,50–100%,0.2955304825789045
ADV calibrated,Parent orders,4.3,7,>100%,0.048138045190301085
ADV calibrated,Traded dollars,4.4,1,0–1%,15.936496643069306
ADV calibrated,Traded dollars,4.4,2,1–5%,26.278597111734886
ADV calibrated,Traded dollars,4.4,3,5–10%,21.03197879463101
ADV calibrated,Traded dollars,4.4,4,10–25%,18.651158260005392
ADV calibrated,Traded dollars,4.4,5,25–50%,12.17541779868955
ADV calibrated,Traded dollars,4.4,6,50–100%,5.305748550838799
ADV calibrated,Traded dollars,4.4,7,>100%,0.620602841031053
ADV calibrated,Parent orders,4.4,1,0–1%,54.03898076760657
ADV calibrated,Parent orders,4.4,2,1–5%,35.585253100817745
ADV calibrated,Parent orders,4.4,3,5–10%,6.276839053066706
ADV calibrated,Parent orders,4.4,4,10–25%,2.715842037989951
ADV calibrated,Parent orders,4.4,5,25–50%,1.0394165127498343
ADV calibrated,Parent orders,4.4,6,50–100%,0.2955304825789043
ADV calibrated,Parent orders,4.4,7,>100%,0.04813804519030106
ADV calibrated,Traded dollars,4.5,1,0–1%,15.936496643069322
ADV calibrated,Traded dollars,4.5,2,1–5%,26.27859711173494
ADV calibrated,Traded dollars,4.5,3,5–10%,19.884388815380937
ADV calibrated,Traded dollars,4.5,4,10–25%,18.681228023082188
ADV calibrated,Traded dollars,4.5,5,25–50%,12.704484275948237
ADV calibrated,Traded dollars,4.5,6,50–100%,5.80898880905332
ADV calibrated,Traded dollars,4.5,7,>100%,0.7058163217310789
ADV calibrated,Parent orders,4.5,1,0–1%,54.03898076760656
ADV calibrated,Parent orders,4.5,2,1–5%,35.58525310081774
ADV calibrated,Parent orders,4.5,3,5–10%,6.061142796815055
ADV calibrated,Parent orders,4.5,4,10–25%,2.811304335629377
ADV calibrated,Parent orders,4.5,5,25–50%,1.1270773899610325
ADV calibrated,Parent orders,4.5,6,50–100%,0.3215895006738857
ADV calibrated,Parent orders,4.5,7,>100%,0.05465210849634375
ADV calibrated,Traded dollars,4.6,1,0–1%,15.9364966430693
ADV calibrated,Traded dollars,4.6,2,1–5%,26.27859711173494
ADV calibrated,Traded dollars,4.6,3,5–10%,19.884388815380948
ADV calibrated,Traded dollars,4.6,4,10–25%,18.68122802308222
ADV calibrated,Traded dollars,4.6,5,25–50%,12.704484275948243
ADV calibrated,Traded dollars,4.6,6,50–100%,5.808988809053295
ADV calibrated,Traded dollars,4.6,7,>100%,0.7058163217310786
ADV calibrated,Parent orders,4.6,1,0–1%,54.03898076760656
ADV calibrated,Parent orders,4.6,2,1–5%,35.58525310081774
ADV calibrated,Parent orders,4.6,3,5–10%,6.061142796815055
ADV calibrated,Parent orders,4.6,4,10–25%,2.811304335629377
ADV calibrated,Parent orders,4.6,5,25–50%,1.1270773899610325
ADV calibrated,Parent orders,4.6,6,50–100%,0.3215895006738857
ADV calibrated,Parent orders,4.6,7,>100%,0.05465210849634375
ADV calibrated,Traded dollars,4.7,1,0–1%,15.936496643069312
ADV calibrated,Traded dollars,4.7,2,1–5%,24.265346124802317
ADV calibrated,Traded dollars,4.7,3,5–10%,20.806422297238765
ADV calibrated,Traded dollars,4.7,4,10–25%,19.77244552815698
ADV calibrated,Traded dollars,4.7,5,25–50%,12.13396713908609
ADV calibrated,Traded dollars,4.7,6,50–100%,6.295299806019288
ADV calibrated,Traded dollars,4.7,7,>100%,0.7900224616272408
ADV calibrated,Parent orders,4.7,1,0–1%,54.03898076760657
ADV calibrated,Parent orders,4.7,2,1–5%,34.76580501686282
ADV calibrated,Parent orders,4.7,3,5–10%,6.669337500487019
ADV calibrated,Parent orders,4.7,4,10–25%,3.0225577159123365
ADV calibrated,Parent orders,4.7,5,25–50%,1.0949913438869547
ADV calibrated,Parent orders,4.7,6,50–100%,0.3472595666641438
ADV calibrated,Parent orders,4.7,7,>100%,0.06106808858016321
ADV calibrated,Traded dollars,4.8,1,0–1%,13.27575259157914
ADV calibrated,Traded dollars,4.8,2,1–5%,26.926090176292515
ADV calibrated,Traded dollars,4.8,3,5–10%,20.806422297238758
ADV calibrated,Traded dollars,4.8,4,10–25%,18.69934344516933
ADV calibrated,Traded dollars,4.8,5,25–50%,13.207069222073738
ADV calibrated,Traded dollars,4.8,6,50–100%,6.295299806019282
ADV calibrated,Traded dollars,4.8,7,>100%,0.7900224616272411
ADV calibrated,Parent orders,4.8,1,0–1%,47.500703937073474
ADV calibrated,Parent orders,4.8,2,1–5%,41.304081847395906
ADV calibrated,Parent orders,4.8,3,5–10%,6.669337500487018
ADV calibrated,Parent orders,4.8,4,10–25%,2.9045808118161625
ADV calibrated,Parent orders,4.8,5,25–50%,1.212968247983128
ADV calibrated,Parent orders,4.8,6,50–100%,0.3472595666641438
ADV calibrated,Parent orders,4.8,7,>100%,0.061068088580163195
ADV calibrated,Traded dollars,4.9,1,0–1%,13.275752591579133
ADV calibrated,Traded dollars,4.9,2,1–5%,26.926090176292483
ADV calibrated,Traded dollars,4.9,3,5–10%,19.771180334431957
ADV calibrated,Traded dollars,4.9,4,10–25%,19.734585407976173
ADV calibrated,Traded dollars,4.9,5,25–50%,12.655017220994708
ADV calibrated,Traded dollars,4.9,6,50–100%,6.7642174331681755
ADV calibrated,Traded dollars,4.9,7,>100%,0.873156835557378
ADV calibrated,Parent orders,4.9,1,0–1%,47.50070393707348
ADV calibrated,Parent orders,4.9,2,1–5%,41.30408184739591
ADV calibrated,Parent orders,4.9,3,5–10%,6.462629335262778
ADV calibrated,Parent orders,4.9,4,10–25%,3.1112889770403998
ADV calibrated,Parent orders,4.9,5,25–50%,1.181383216475166
ADV calibrated,Parent orders,4.9,6,50–100%,0.37252942531153527
ADV calibrated,Parent orders,4.9,7,>100%,0.0673832614407321
ADV calibrated,Traded dollars,5,1,0–1%,13.275752591579133
ADV calibrated,Traded dollars,5,2,1–5%,26.926090176292515
ADV calibrated,Traded dollars,5,3,5–10%,19.771180334431925
ADV calibrated,Traded dollars,5,4,10–25%,18.707207225508014
ADV calibrated,Traded dollars,5,5,25–50%,13.68239540346285
ADV calibrated,Traded dollars,5,6,50–100%,6.764217433168185
ADV calibrated,Traded dollars,5,7,>100%,0.8731568355573774
ADV calibrated,Parent orders,5,1,0–1%,47.50070393707348
ADV calibrated,Parent orders,5,2,1–5%,41.30408184739591
ADV calibrated,Parent orders,5,3,5–10%,6.462629335262778
ADV calibrated,Parent orders,5,4,10–25%,2.995649252793377
ADV calibrated,Parent orders,5,5,25–50%,1.297022940722188
ADV calibrated,Parent orders,5,6,50–100%,0.37252942531153527
ADV calibrated,Parent orders,5,7,>100%,0.0673832614407321
ADV calibrated,Traded dollars,5.1,1,0–1%,13.275752591579137
ADV calibrated,Traded dollars,5.1,2,1–5%,25.081433475140912
ADV calibrated,Traded dollars,5.1,3,5–10%,20.6361811252231
ADV calibrated,Traded dollars,5.1,4,10–25%,19.686863135868464
ADV calibrated,Traded dollars,5.1,5,25–50%,13.149362026386198
ADV calibrated,Traded dollars,5.1,6,50–100%,7.215260776204756
ADV calibrated,Traded dollars,5.1,7,>100%,0.9551468695974465
ADV calibrated,Parent orders,5.1,1,0–1%,47.50070393707349
ADV calibrated,Parent orders,5.1,2,1–5%,40.513758826261146
ADV calibrated,Parent orders,5.1,3,5–10%,7.050901426694745
ADV calibrated,Parent orders,5.1,4,10–25%,3.1977001824961584
ADV calibrated,Parent orders,5.1,5,25–50%,1.265954230182035
ADV calibrated,Parent orders,5.1,6,50–100%,0.39738662160502997
ADV calibrated,Parent orders,5.1,7,>100%,0.07359477568739024
ADV calibrated,Traded dollars,5.2,1,0–1%,10.850529918541787
ADV calibrated,Traded dollars,5.2,2,1–5%,27.506656148178266
ADV calibrated,Traded dollars,5.2,3,5–10%,20.636181125223096
ADV calibrated,Traded dollars,5.2,4,10–25%,19.68686313586845
ADV calibrated,Traded dollars,5.2,5,25–50%,13.149362026386195
ADV calibrated,Traded dollars,5.2,6,50–100%,7.215260776204757
ADV calibrated,Traded dollars,5.2,7,>100%,0.955146869597447
ADV calibrated,Parent orders,5.2,1,0–1%,41.21478177203196
ADV calibrated,Parent orders,5.2,2,1–5%,46.79968099130268
ADV calibrated,Parent orders,5.2,3,5–10%,7.050901426694746
ADV calibrated,Parent orders,5.2,4,10–25%,3.197700182496159
ADV calibrated,Parent orders,5.2,5,25–50%,1.265954230182035
ADV calibrated,Parent orders,5.2,6,50–100%,0.39738662160503
ADV calibrated,Parent orders,5.2,7,>100%,0.07359477568739024
ADV calibrated,Traded dollars,5.3,1,0–1%,10.850529918541794
ADV calibrated,Traded dollars,5.3,2,1–5%,27.50665614817822
ADV calibrated,Traded dollars,5.3,3,5–10%,20.636181125223118
ADV calibrated,Traded dollars,5.3,4,10–25%,18.706585329329602
ADV calibrated,Traded dollars,5.3,5,25–50%,14.129639832925047
ADV calibrated,Traded dollars,5.3,6,50–100%,7.215260776204748
ADV calibrated,Traded dollars,5.3,7,>100%,0.9551468695974468
ADV calibrated,Parent orders,5.3,1,0–1%,41.21478177203196
ADV calibrated,Parent orders,5.3,2,1–5%,46.79968099130269
ADV calibrated,Parent orders,5.3,3,5–10%,7.050901426694746
ADV calibrated,Parent orders,5.3,4,10–25%,3.0844870779766036
ADV calibrated,Parent orders,5.3,5,25–50%,1.3791673347015907
ADV calibrated,Parent orders,5.3,6,50–100%,0.3973866216050301
ADV calibrated,Parent orders,5.3,7,>100%,0.07359477568739026
ADV calibrated,Traded dollars,5.4,1,0–1%,10.850529918541797
ADV calibrated,Traded dollars,5.4,2,1–5%,27.506656148178248
ADV calibrated,Traded dollars,5.4,3,5–10%,19.71172729667831
ADV calibrated,Traded dollars,5.4,4,10–25%,19.631039157874422
ADV calibrated,Traded dollars,5.4,5,25–50%,13.616204762718404
ADV calibrated,Traded dollars,5.4,6,50–100%,7.647932004803446
ADV calibrated,Traded dollars,5.4,7,>100%,1.0359107112053936
ADV calibrated,Parent orders,5.4,1,0–1%,41.21478177203196
ADV calibrated,Parent orders,5.4,2,1–5%,46.79968099130269
ADV calibrated,Parent orders,5.4,3,5–10%,6.853630801512135
ADV calibrated,Parent orders,5.4,4,10–25%,3.2817577031592147
ADV calibrated,Parent orders,5.4,5,25–50%,1.3486317962115542
ADV calibrated,Parent orders,5.4,6,50–100%,0.42181729760437414
ADV calibrated,Parent orders,5.4,7,>100%,0.0796996381780823
ADV calibrated,Traded dollars,5.5,1,0–1%,10.850529918541797
ADV calibrated,Traded dollars,5.5,2,1–5%,25.82788040653887
ADV calibrated,Traded dollars,5.5,3,5–10%,21.39050303831765
ADV calibrated,Traded dollars,5.5,4,10–25%,19.63103915787443
ADV calibrated,Traded dollars,5.5,5,25–50%,13.616204762718397
ADV calibrated,Traded dollars,5.5,6,50–100%,7.647932004803461
ADV calibrated,Traded dollars,5.5,7,>100%,1.0359107112053938
ADV calibrated,Parent orders,5.5,1,0–1%,41.214781772031955
ADV calibrated,Parent orders,5.5,2,1–5%,46.039566603892176
ADV calibrated,Parent orders,5.5,3,5–10%,7.613745188922651
ADV calibrated,Parent orders,5.5,4,10–25%,3.281757703159214
ADV calibrated,Parent orders,5.5,5,25–50%,1.348631796211554
ADV calibrated,Parent orders,5.5,6,50–100%,0.42181729760437403
ADV calibrated,Parent orders,5.5,7,>100%,0.07969963817808227
ADV calibrated,Traded dollars,5.6,1,0–1%,10.850529918541792
ADV calibrated,Traded dollars,5.6,2,1–5%,25.82788040653894
ADV calibrated,Traded dollars,5.6,3,5–10%,20.520870465530116
ADV calibrated,Traded dollars,5.6,4,10–25%,20.500671730661914
ADV calibrated,Traded dollars,5.6,5,25–50%,13.122975090789964
ADV calibrated,Traded dollars,5.6,6,50–100%,8.061716471451986
ADV calibrated,Traded dollars,5.6,7,>100%,1.1153559164852886
ADV calibrated,Parent orders,5.6,1,0–1%,41.214781772031955
ADV calibrated,Parent orders,5.6,2,1–5%,46.039566603892176
ADV calibrated,Parent orders,5.6,3,5–10%,7.421390614196592
ADV calibrated,Parent orders,5.6,4,10–25%,3.4741122778852724
ADV calibrated,Parent orders,5.6,5,25–50%,1.318648089989227
ADV calibrated,Parent orders,5.6,6,50–100%,0.4458059457392651
ADV calibrated,Parent orders,5.6,7,>100%,0.08569469626551852
ADV calibrated,Traded dollars,5.7,1,0–1%,10.850529918541785
ADV calibrated,Traded dollars,5.7,2,1–5%,25.827880406538938
ADV calibrated,Traded dollars,5.7,3,5–10%,20.52087046553016
ADV calibrated,Traded dollars,5.7,4,10–25%,19.568945074493026
ADV calibrated,Traded dollars,5.7,5,25–50%,14.054701746958822
ADV calibrated,Traded dollars,5.7,6,50–100%,8.061716471451982
ADV calibrated,Traded dollars,5.7,7,>100%,1.1153559164852873
ADV calibrated,Parent orders,5.7,1,0–1%,41.214781772031955
ADV calibrated,Parent orders,5.7,2,1–5%,46.039566603892176
ADV calibrated,Parent orders,5.7,3,5–10%,7.421390614196592
ADV calibrated,Parent orders,5.7,4,10–25%,3.363426433665408
ADV calibrated,Parent orders,5.7,5,25–50%,1.4293339342090907
ADV calibrated,Parent orders,5.7,6,50–100%,0.4458059457392651
ADV calibrated,Parent orders,5.7,7,>100%,0.08569469626551852
ADV calibrated,Traded dollars,5.8,1,0–1%,8.66298891337147
ADV calibrated,Traded dollars,5.8,2,1–5%,28.01542141170921
ADV calibrated,Traded dollars,5.8,3,5–10%,20.520870465530145
ADV calibrated,Traded dollars,5.8,4,10–25%,19.568945074493055
ADV calibrated,Traded dollars,5.8,5,25–50%,14.054701746958838
ADV calibrated,Traded dollars,5.8,6,50–100%,8.061716471451996
ADV calibrated,Traded dollars,5.8,7,>100%,1.1153559164852886
ADV calibrated,Parent orders,5.8,1,0–1%,35.196036926160275
ADV calibrated,Parent orders,5.8,2,1–5%,52.05831144976385
ADV calibrated,Parent orders,5.8,3,5–10%,7.421390614196592
ADV calibrated,Parent orders,5.8,4,10–25%,3.363426433665408
ADV calibrated,Parent orders,5.8,5,25–50%,1.4293339342090907
ADV calibrated,Parent orders,5.8,6,50–100%,0.4458059457392651
ADV calibrated,Parent orders,5.8,7,>100%,0.08569469626551852
ADV calibrated,Traded dollars,5.9,1,0–1%,8.662988913371468
ADV calibrated,Traded dollars,5.9,2,1–5%,28.01542141170921
ADV calibrated,Traded dollars,5.9,3,5–10%,19.70567851605687
ADV calibrated,Traded dollars,5.9,4,10–25%,20.384137023966343
ADV calibrated,Traded dollars,5.9,5,25–50%,13.582313115236271
ADV calibrated,Traded dollars,5.9,6,50–100%,8.456083100239157
ADV calibrated,Traded dollars,5.9,7,>100%,1.1933779194206837
ADV calibrated,Parent orders,5.9,1,0–1%,35.19603692616028
ADV calibrated,Parent orders,5.9,2,1–5%,52.05831144976386
ADV calibrated,Parent orders,5.9,3,5–10%,7.234102465330837
ADV calibrated,Parent orders,5.9,4,10–25%,3.5507145825311626
ADV calibrated,Parent orders,5.9,5,25–50%,1.3999228535407555
ADV calibrated,Parent orders,5.9,6,50–100%,0.46933510716315535
ADV calibrated,Parent orders,5.9,7,>100%,0.09157661550996375
ADV calibrated,Traded dollars,6,1,0–1%,8.662988913371462
ADV calibrated,Traded dollars,6,2,1–5%,26.49992633710361
ADV calibrated,Traded dollars,6,3,5–10%,21.22117359066249
ADV calibrated,Traded dollars,6,4,10–25%,19.50248976773914
ADV calibrated,Traded dollars,6,5,25–50%,14.463960371463454
ADV calibrated,Traded dollars,6,6,50–100%,8.456083100239164
ADV calibrated,Traded dollars,6,7,>100%,1.1933779194206817
ADV calibrated,Parent orders,6,1,0–1%,35.19603692616029
ADV calibrated,Parent orders,6,2,1–5%,51.32968143149021
ADV calibrated,Parent orders,6,3,5–10%,7.962732483604481
ADV calibrated,Parent orders,6,4,10–25%,3.4426702375950233
ADV calibrated,Parent orders,6,5,25–50%,1.5079671984768945
ADV calibrated,Parent orders,6,6,50–100%,0.46933510716315546
ADV calibrated,Parent orders,6,7,>100%,0.09157661550996377
ADV calibrated,Traded dollars,6.1,1,0–1%,8.66298891337146
ADV calibrated,Traded dollars,6.1,2,1–5%,26.499926337103634
ADV calibrated,Traded dollars,6.1,3,5–10%,21.221173590662495
ADV calibrated,Traded dollars,6.1,4,10–25%,19.502489767739117
ADV calibrated,Traded dollars,6.1,5,25–50%,14.463960371463441
ADV calibrated,Traded dollars,6.1,6,50–100%,8.456083100239155
ADV calibrated,Traded dollars,6.1,7,>100%,1.1933779194206822
ADV calibrated,Parent orders,6.1,1,0–1%,35.19603692616029
ADV calibrated,Parent orders,6.1,2,1–5%,51.32968143149021
ADV calibrated,Parent orders,6.1,3,5–10%,7.962732483604481
ADV calibrated,Parent orders,6.1,4,10–25%,3.4426702375950233
ADV calibrated,Parent orders,6.1,5,25–50%,1.5079671984768945
ADV calibrated,Parent orders,6.1,6,50–100%,0.46933510716315546
ADV calibrated,Parent orders,6.1,7,>100%,0.09157661550996377
ADV calibrated,Traded dollars,6.2,1,0–1%,8.662988913371455
ADV calibrated,Traded dollars,6.2,2,1–5%,26.499926337103634
ADV calibrated,Traded dollars,6.2,3,5–10%,21.221173590662517
ADV calibrated,Traded dollars,6.2,4,10–25%,19.502489767739124
ADV calibrated,Traded dollars,6.2,5,25–50%,14.463960371463434
ADV calibrated,Traded dollars,6.2,6,50–100%,8.456083100239146
ADV calibrated,Traded dollars,6.2,7,>100%,1.1933779194206817
ADV calibrated,Parent orders,6.2,1,0–1%,35.19603692616029
ADV calibrated,Parent orders,6.2,2,1–5%,51.32968143149021
ADV calibrated,Parent orders,6.2,3,5–10%,7.962732483604481
ADV calibrated,Parent orders,6.2,4,10–25%,3.4426702375950233
ADV calibrated,Parent orders,6.2,5,25–50%,1.5079671984768945
ADV calibrated,Parent orders,6.2,6,50–100%,0.46933510716315546
ADV calibrated,Parent orders,6.2,7,>100%,0.09157661550996377
ADV calibrated,Traded dollars,6.3,1,0–1%,8.662988913371462
ADV calibrated,Traded dollars,6.3,2,1–5%,26.49992633710361
ADV calibrated,Traded dollars,6.3,3,5–10%,20.460038134569174
ADV calibrated,Traded dollars,6.3,4,10–25%,20.263625223832452
ADV calibrated,Traded dollars,6.3,5,25–50%,14.013077975434845
ADV calibrated,Traded dollars,6.3,6,50–100%,8.83048517565304
ADV calibrated,Traded dollars,6.3,7,>100%,1.2698582400354124
ADV calibrated,Parent orders,6.3,1,0–1%,35.196036926160275
ADV calibrated,Parent orders,6.3,2,1–5%,51.32968143149019
ADV calibrated,Parent orders,6.3,3,5–10%,7.780678123569614
ADV calibrated,Parent orders,6.3,4,10–25%,3.624724597629893
ADV calibrated,Parent orders,6.3,5,25–50%,1.4791520697334324
ADV calibrated,Parent orders,6.3,6,50–100%,0.492385000165661
ADV calibrated,Parent orders,6.3,7,>100%,0.09734185125091993
ADV calibrated,Traded dollars,6.4,1,0–1%,7.900242492523219
ADV calibrated,Traded dollars,6.4,2,1–5%,27.262672757951865
ADV calibrated,Traded dollars,6.4,3,5–10%,20.46003813456917
ADV calibrated,Traded dollars,6.4,4,10–25%,20.256499779000922
ADV calibrated,Traded dollars,6.4,5,25–50%,14.020203420266382
ADV calibrated,Traded dollars,6.4,6,50–100%,8.830485175653035
ADV calibrated,Traded dollars,6.4,7,>100%,1.2698582400354124
ADV calibrated,Parent orders,6.4,1,0–1%,32.74779280815942
ADV calibrated,Parent orders,6.4,2,1–5%,53.77792554949105
ADV calibrated,Parent orders,6.4,3,5–10%,7.780678123569613
ADV calibrated,Parent orders,6.4,4,10–25%,3.620705964992647
ADV calibrated,Parent orders,6.4,5,25–50%,1.4831707023706775
ADV calibrated,Parent orders,6.4,6,50–100%,0.49238500016566095
ADV calibrated,Parent orders,6.4,7,>100%,0.09734185125091993
ADV calibrated,Traded dollars,6.5,1,0–1%,6.71572723420633
ADV calibrated,Traded dollars,6.5,2,1–5%,27.09245507510285
ADV calibrated,Traded dollars,6.5,3,5–10%,21.814771075735095
ADV calibrated,Traded dollars,6.5,4,10–25%,19.433665478722773
ADV calibrated,Traded dollars,6.5,5,25–50%,14.843037720544508
ADV calibrated,Traded dollars,6.5,6,50–100%,8.830485175653028
ADV calibrated,Traded dollars,6.5,7,>100%,1.269858240035411
ADV calibrated,Parent orders,6.5,1,0–1%,29.462553274601387
ADV calibrated,Parent orders,6.5,2,1–5%,56.36753918661688
ADV calibrated,Parent orders,6.5,3,5–10%,8.476304020001814
ADV calibrated,Parent orders,6.5,4,10–25%,3.519452673294216
ADV calibrated,Parent orders,6.5,5,25–50%,1.5844239940691078
ADV calibrated,Parent orders,6.5,6,50–100%,0.492385000165661
ADV calibrated,Parent orders,6.5,7,>100%,0.09734185125091993
ADV calibrated,Traded dollars,6.6,1,0–1%,6.715727234206333
ADV calibrated,Traded dollars,6.6,2,1–5%,27.09245507510282
ADV calibrated,Traded dollars,6.6,3,5–10%,21.10729983685668
ADV calibrated,Traded dollars,6.6,4,10–25%,20.141136717601192
ADV calibrated,Traded dollars,6.6,5,25–50%,14.41435707524669
ADV calibrated,Traded dollars,6.6,6,50–100%,9.184361682416167
ADV calibrated,Traded dollars,6.6,7,>100%,1.3446623785701055
ADV calibrated,Parent orders,6.6,1,0–1%,29.46255327460139
ADV calibrated,Parent orders,6.6,2,1–5%,56.36753918661689
ADV calibrated,Parent orders,6.6,3,5–10%,8.29967066957472
ADV calibrated,Parent orders,6.6,4,10–25%,3.6960860237213136
ADV calibrated,Parent orders,6.6,5,25–50%,1.556231175042848
ADV calibrated,Parent orders,6.6,6,50–100%,0.5149330587023683
ADV calibrated,Parent orders,6.6,7,>100%,0.1029866117404737
ADV calibrated,Traded dollars,6.7,1,0–1%,6.715727234206328
ADV calibrated,Traded dollars,6.7,2,1–5%,27.092455075102826
ADV calibrated,Traded dollars,6.7,3,5–10%,21.10729983685666
ADV calibrated,Traded dollars,6.7,4,10–25%,20.141136717601213
ADV calibrated,Traded dollars,6.7,5,25–50%,14.414357075246691
ADV calibrated,Traded dollars,6.7,6,50–100%,9.184361682416158
ADV calibrated,Traded dollars,6.7,7,>100%,1.344662378570106
ADV calibrated,Parent orders,6.7,1,0–1%,29.46255327460139
ADV calibrated,Parent orders,6.7,2,1–5%,56.36753918661689
ADV calibrated,Parent orders,6.7,3,5–10%,8.29967066957472
ADV calibrated,Parent orders,6.7,4,10–25%,3.6960860237213136
ADV calibrated,Parent orders,6.7,5,25–50%,1.556231175042848
ADV calibrated,Parent orders,6.7,6,50–100%,0.5149330587023683
ADV calibrated,Parent orders,6.7,7,>100%,0.1029866117404737
ADV calibrated,Traded dollars,6.8,1,0–1%,6.71572723420633
ADV calibrated,Traded dollars,6.8,2,1–5%,27.09245507510283
ADV calibrated,Traded dollars,6.8,3,5–10%,21.10729983685667
ADV calibrated,Traded dollars,6.8,4,10–25%,20.141136717601217
ADV calibrated,Traded dollars,6.8,5,25–50%,14.414357075246684
ADV calibrated,Traded dollars,6.8,6,50–100%,9.184361682416158
ADV calibrated,Traded dollars,6.8,7,>100%,1.3446623785701057
ADV calibrated,Parent orders,6.8,1,0–1%,29.46255327460139
ADV calibrated,Parent orders,6.8,2,1–5%,56.36753918661689
ADV calibrated,Parent orders,6.8,3,5–10%,8.29967066957472
ADV calibrated,Parent orders,6.8,4,10–25%,3.6960860237213136
ADV calibrated,Parent orders,6.8,5,25–50%,1.556231175042848
ADV calibrated,Parent orders,6.8,6,50–100%,0.5149330587023683
ADV calibrated,Parent orders,6.8,7,>100%,0.1029866117404737
ADV calibrated,Traded dollars,6.9,1,0–1%,6.7157272342063274
ADV calibrated,Traded dollars,6.9,2,1–5%,27.092455075102844
ADV calibrated,Traded dollars,6.9,3,5–10%,21.10729983685666
ADV calibrated,Traded dollars,6.9,4,10–25%,19.36455346942368
ADV calibrated,Traded dollars,6.9,5,25–50%,15.190940323424226
ADV calibrated,Traded dollars,6.9,6,50–100%,9.184361682416156
ADV calibrated,Traded dollars,6.9,7,>100%,1.3446623785701055
ADV calibrated,Parent orders,6.9,1,0–1%,29.46255327460139
ADV calibrated,Parent orders,6.9,2,1–5%,56.36753918661689
ADV calibrated,Parent orders,6.9,3,5–10%,8.29967066957472
ADV calibrated,Parent orders,6.9,4,10–25%,3.593738141806415
ADV calibrated,Parent orders,6.9,5,25–50%,1.6585790569577445
ADV calibrated,Parent orders,6.9,6,50–100%,0.5149330587023683
ADV calibrated,Parent orders,6.9,7,>100%,0.1029866117404737
ADV calibrated,Traded dollars,7,1,0–1%,6.715727234206326
ADV calibrated,Traded dollars,7,2,1–5%,27.092455075102883
ADV calibrated,Traded dollars,7,3,5–10%,18.205162665636415
ADV calibrated,Traded dollars,7,4,10–25%,22.26669064064389
ADV calibrated,Traded dollars,7,5,25–50%,13.830842960106564
ADV calibrated,Traded dollars,7,6,50–100%,9.843402765494869
ADV calibrated,Traded dollars,7,7,>100%,2.0457186588090424
ADV calibrated,Parent orders,7,1,0–1%,29.462553274601397
ADV calibrated,Parent orders,7,2,1–5%,56.3675391866169
ADV calibrated,Parent orders,7,3,5–10%,7.346340950651441
ADV calibrated,Parent orders,7,4,10–25%,4.547067860729692
ADV calibrated,Parent orders,7,5,25–50%,1.5261205473451103
ADV calibrated,Parent orders,7,6,50–100%,0.6117205263260928
ADV calibrated,Parent orders,7,7,>100%,0.13865765372938335
ADV calibrated,Traded dollars,7.1,1,0–1%,6.715727234206329
ADV calibrated,Traded dollars,7.1,2,1–5%,27.092455075102855
ADV calibrated,Traded dollars,7.1,3,5–10%,18.205162665636422
ADV calibrated,Traded dollars,7.1,4,10–25%,22.26669064064389
ADV calibrated,Traded dollars,7.1,5,25–50%,13.830842960106573
ADV calibrated,Traded dollars,7.1,6,50–100%,9.843402765494876
ADV calibrated,Traded dollars,7.1,7,>100%,2.045718658809045
ADV calibrated,Parent orders,7.1,1,0–1%,29.462553274601397
ADV calibrated,Parent orders,7.1,2,1–5%,56.3675391866169
ADV calibrated,Parent orders,7.1,3,5–10%,7.346340950651441
ADV calibrated,Parent orders,7.1,4,10–25%,4.547067860729692
ADV calibrated,Parent orders,7.1,5,25–50%,1.5261205473451103
ADV calibrated,Parent orders,7.1,6,50–100%,0.6117205263260928
ADV calibrated,Parent orders,7.1,7,>100%,0.13865765372938335
ADV calibrated,Traded dollars,7.2,1,0–1%,6.715727234206333
ADV calibrated,Traded dollars,7.2,2,1–5%,25.896001837993197
ADV calibrated,Traded dollars,7.2,3,5–10%,19.401615902746062
ADV calibrated,Traded dollars,7.2,4,10–25%,22.26669064064391
ADV calibrated,Traded dollars,7.2,5,25–50%,13.830842960106569
ADV calibrated,Traded dollars,7.2,6,50–100%,9.157182748045471
ADV calibrated,Traded dollars,7.2,7,>100%,2.7319386762584474
ADV calibrated,Parent orders,7.2,1,0–1%,29.462553274601397
ADV calibrated,Parent orders,7.2,2,1–5%,55.70675291602841
ADV calibrated,Parent orders,7.2,3,5–10%,8.007127221239909
ADV calibrated,Parent orders,7.2,4,10–25%,4.547067860729692
ADV calibrated,Parent orders,7.2,5,25–50%,1.5261205473451103
ADV calibrated,Parent orders,7.2,6,50–100%,0.5764638393710847
ADV calibrated,Parent orders,7.2,7,>100%,0.17391434068439163
ADV calibrated,Traded dollars,7.3,1,0–1%,5.011748921645378
ADV calibrated,Traded dollars,7.3,2,1–5%,27.599980150554167
ADV calibrated,Traded dollars,7.3,3,5–10%,19.40161590274606
ADV calibrated,Traded dollars,7.3,4,10–25%,22.2666906406439
ADV calibrated,Traded dollars,7.3,5,25–50%,12.508606125644091
ADV calibrated,Traded dollars,7.3,6,50–100%,10.479419582507964
ADV calibrated,Traded dollars,7.3,7,>100%,2.7319386762584474
ADV calibrated,Parent orders,7.3,1,0–1%,24.036972503521596
ADV calibrated,Parent orders,7.3,2,1–5%,61.132333687108215
ADV calibrated,Parent orders,7.3,3,5–10%,8.007127221239909
ADV calibrated,Parent orders,7.3,4,10–25%,4.547067860729693
ADV calibrated,Parent orders,7.3,5,25–50%,1.3955673492505374
ADV calibrated,Parent orders,7.3,6,50–100%,0.7070170374656579
ADV calibrated,Parent orders,7.3,7,>100%,0.17391434068439166
ADV calibrated,Traded dollars,7.4,1,0–1%,5.011748921645383
ADV calibrated,Traded dollars,7.4,2,1–5%,27.59998015055414
ADV calibrated,Traded dollars,7.4,3,5–10%,16.683934925219024
ADV calibrated,Traded dollars,7.4,4,10–25%,24.98437161817096
ADV calibrated,Traded dollars,7.4,5,25–50%,12.508606125644096
ADV calibrated,Traded dollars,7.4,6,50–100%,9.808422185914182
ADV calibrated,Traded dollars,7.4,7,>100%,3.4029360728522238
ADV calibrated,Parent orders,7.4,1,0–1%,24.0369725035216
ADV calibrated,Parent orders,7.4,2,1–5%,61.13233368710822
ADV calibrated,Parent orders,7.4,3,5–10%,7.079329236778041
ADV calibrated,Parent orders,7.4,4,10–25%,5.474865845191565
ADV calibrated,Parent orders,7.4,5,25–50%,1.3955673492505376
ADV calibrated,Parent orders,7.4,6,50–100%,0.6721831009496662
ADV calibrated,Parent orders,7.4,7,>100%,0.20874827720038358
ADV calibrated,Traded dollars,7.5,1,0–1%,5.0117489216453786
ADV calibrated,Traded dollars,7.5,2,1–5%,27.59998015055416
ADV calibrated,Traded dollars,7.5,3,5–10%,16.683934925219013
ADV calibrated,Traded dollars,7.5,4,10–25%,24.262933452519412
ADV calibrated,Traded dollars,7.5,5,25–50%,13.23004429129564
ADV calibrated,Traded dollars,7.5,6,50–100%,9.808422185914178
ADV calibrated,Traded dollars,7.5,7,>100%,3.402936072852214
ADV calibrated,Parent orders,7.5,1,0–1%,24.0369725035216
ADV calibrated,Parent orders,7.5,2,1–5%,61.13233368710822
ADV calibrated,Parent orders,7.5,3,5–10%,7.079329236778041
ADV calibrated,Parent orders,7.5,4,10–25%,5.375619639440327
ADV calibrated,Parent orders,7.5,5,25–50%,1.4948135550017763
ADV calibrated,Parent orders,7.5,6,50–100%,0.6721831009496662
ADV calibrated,Parent orders,7.5,7,>100%,0.20874827720038358
ADV calibrated,Traded dollars,7.6,1,0–1%,5.011748921645379
ADV calibrated,Traded dollars,7.6,2,1–5%,27.59998015055417
ADV calibrated,Traded dollars,7.6,3,5–10%,16.68393492521902
ADV calibrated,Traded dollars,7.6,4,10–25%,24.262933452519412
ADV calibrated,Traded dollars,7.6,5,25–50%,11.946626636417355
ADV calibrated,Traded dollars,7.6,6,50–100%,11.091839840792453
ADV calibrated,Traded dollars,7.6,7,>100%,3.4029360728522167
ADV calibrated,Parent orders,7.6,1,0–1%,24.036972503521596
ADV calibrated,Parent orders,7.6,2,1–5%,61.132333687108215
ADV calibrated,Parent orders,7.6,3,5–10%,7.07932923677804
ADV calibrated,Parent orders,7.6,4,10–25%,5.375619639440326
ADV calibrated,Parent orders,7.6,5,25–50%,1.3662130709326556
ADV calibrated,Parent orders,7.6,6,50–100%,0.8007835850187878
ADV calibrated,Parent orders,7.6,7,>100%,0.20874827720038358
ADV calibrated,Traded dollars,7.7,1,0–1%,5.011748921645381
ADV calibrated,Traded dollars,7.7,2,1–5%,27.59998015055416
ADV calibrated,Traded dollars,7.7,3,5–10%,16.683934925219024
ADV calibrated,Traded dollars,7.7,4,10–25%,24.26293345251941
ADV calibrated,Traded dollars,7.7,5,25–50%,11.946626636417355
ADV calibrated,Traded dollars,7.7,6,50–100%,10.436468572264724
ADV calibrated,Traded dollars,7.7,7,>100%,4.058307341379957
ADV calibrated,Parent orders,7.7,1,0–1%,24.036972503521596
ADV calibrated,Parent orders,7.7,2,1–5%,61.132333687108215
ADV calibrated,Parent orders,7.7,3,5–10%,7.07932923677804
ADV calibrated,Parent orders,7.7,4,10–25%,5.375619639440326
ADV calibrated,Parent orders,7.7,5,25–50%,1.3662130709326556
ADV calibrated,Parent orders,7.7,6,50–100%,0.7663813264415971
ADV calibrated,Parent orders,7.7,7,>100%,0.24315053577757456
ADV calibrated,Traded dollars,7.8,1,0–1%,5.0117489216453786
ADV calibrated,Traded dollars,7.8,2,1–5%,27.599980150554167
ADV calibrated,Traded dollars,7.8,3,5–10%,14.147194205266977
ADV calibrated,Traded dollars,7.8,4,10–25%,26.799674172471445
ADV calibrated,Traded dollars,7.8,5,25–50%,11.94662663641735
ADV calibrated,Traded dollars,7.8,6,50–100%,10.436468572264728
ADV calibrated,Traded dollars,7.8,7,>100%,4.058307341379958
ADV calibrated,Parent orders,7.8,1,0–1%,24.036972503521593
ADV calibrated,Parent orders,7.8,2,1–5%,61.13233368710821
ADV calibrated,Parent orders,7.8,3,5–10%,6.17760546321531
ADV calibrated,Parent orders,7.8,4,10–25%,6.277343413003065
ADV calibrated,Parent orders,7.8,5,25–50%,1.3662130709326554
ADV calibrated,Parent orders,7.8,6,50–100%,0.766381326441597
ADV calibrated,Parent orders,7.8,7,>100%,0.24315053577757453
ADV calibrated,Traded dollars,7.9,1,0–1%,5.011748921645379
ADV calibrated,Traded dollars,7.9,2,1–5%,27.599980150554146
ADV calibrated,Traded dollars,7.9,3,5–10%,14.14719420526698
ADV calibrated,Traded dollars,7.9,4,10–25%,26.799674172471452
ADV calibrated,Traded dollars,7.9,5,25–50%,10.703036050431626
ADV calibrated,Traded dollars,7.9,6,50–100%,11.68005915825046
ADV calibrated,Traded dollars,7.9,7,>100%,4.058307341379954
ADV calibrated,Parent orders,7.9,1,0–1%,24.036972503521593
ADV calibrated,Parent orders,7.9,2,1–5%,61.13233368710821
ADV calibrated,Parent orders,7.9,3,5–10%,6.17760546321531
ADV calibrated,Parent orders,7.9,4,10–25%,6.277343413003065
ADV calibrated,Parent orders,7.9,5,25–50%,1.2396163427386344
ADV calibrated,Parent orders,7.9,6,50–100%,0.8929780546356181
ADV calibrated,Parent orders,7.9,7,>100%,0.24315053577757453
ADV calibrated,Traded dollars,8,1,0–1%,5.011748921645379
ADV calibrated,Traded dollars,8,2,1–5%,27.595011523790422
ADV calibrated,Traded dollars,8,3,5–10%,14.152162832030708
ADV calibrated,Traded dollars,8,4,10–25%,26.79967417247145
ADV calibrated,Traded dollars,8,5,25–50%,10.703036050431614
ADV calibrated,Traded dollars,8,6,50–100%,11.040735640791498
ADV calibrated,Traded dollars,8,7,>100%,4.697630858838926
ADV calibrated,Parent orders,8,1,0–1%,24.036972503521593
ADV calibrated,Parent orders,8,2,1–5%,61.11772798418012
ADV calibrated,Parent orders,8,3,5–10%,6.192211166143392
ADV calibrated,Parent orders,8,4,10–25%,6.277343413003065
ADV calibrated,Parent orders,8,5,25–50%,1.2396163427386344
ADV calibrated,Parent orders,8,6,50–100%,0.8590169993137371
ADV calibrated,Parent orders,8,7,>100%,0.27711159109945604
ADV calibrated,Traded dollars,8.1,1,0–1%,5.011748921645376
ADV calibrated,Traded dollars,8.1,2,1–5%,26.55929182577747
ADV calibrated,Traded dollars,8.1,3,5–10%,15.187882530043707
ADV calibrated,Traded dollars,8.1,4,10–25%,26.79967417247143
ADV calibrated,Traded dollars,8.1,5,25–50%,10.703036050431608
ADV calibrated,Traded dollars,8.1,6,50–100%,11.040735640791478
ADV calibrated,Traded dollars,8.1,7,>100%,4.6976308588389335
ADV calibrated,Parent orders,8.1,1,0–1%,24.0369725035216
ADV calibrated,Parent orders,8.1,2,1–5%,60.50863993960953
ADV calibrated,Parent orders,8.1,3,5–10%,6.801299210713969
ADV calibrated,Parent orders,8.1,4,10–25%,6.277343413003066
ADV calibrated,Parent orders,8.1,5,25–50%,1.2396163427386346
ADV calibrated,Parent orders,8.1,6,50–100%,0.8590169993137373
ADV calibrated,Parent orders,8.1,7,>100%,0.27711159109945616
ADV calibrated,Traded dollars,8.2,1,0–1%,5.01174892164538
ADV calibrated,Traded dollars,8.2,2,1–5%,26.55929182577741
ADV calibrated,Traded dollars,8.2,3,5–10%,15.187882530043723
ADV calibrated,Traded dollars,8.2,4,10–25%,26.135224264818856
ADV calibrated,Traded dollars,8.2,5,25–50%,10.16478279205203
ADV calibrated,Traded dollars,8.2,6,50–100%,12.243438806823663
ADV calibrated,Traded dollars,8.2,7,>100%,4.697630858838921
ADV calibrated,Parent orders,8.2,1,0–1%,24.0369725035216
ADV calibrated,Parent orders,8.2,2,1–5%,60.50863993960953
ADV calibrated,Parent orders,8.2,3,5–10%,6.801299210713969
ADV calibrated,Parent orders,8.2,4,10–25%,6.181409664383521
ADV calibrated,Parent orders,8.2,5,25–50%,1.211012343976612
ADV calibrated,Parent orders,8.2,6,50–100%,0.9835547466953017
ADV calibrated,Parent orders,8.2,7,>100%,0.27711159109945616
ADV calibrated,Traded dollars,8.3,1,0–1%,5.011748921645381
ADV calibrated,Traded dollars,8.3,2,1–5%,26.55929182577743
ADV calibrated,Traded dollars,8.3,3,5–10%,12.828746678138621
ADV calibrated,Traded dollars,8.3,4,10–25%,28.494360116723964
ADV calibrated,Traded dollars,8.3,5,25–50%,10.164782792052035
ADV calibrated,Traded dollars,8.3,6,50–100%,11.620603799924927
ADV calibrated,Traded dollars,8.3,7,>100%,5.320465865737651
ADV calibrated,Parent orders,8.3,1,0–1%,24.0369725035216
ADV calibrated,Parent orders,8.3,2,1–5%,60.50863993960954
ADV calibrated,Parent orders,8.3,3,5–10%,5.926264896472704
ADV calibrated,Parent orders,8.3,4,10–25%,7.056443978624777
ADV calibrated,Parent orders,8.3,5,25–50%,1.2110123439766123
ADV calibrated,Parent orders,8.3,6,50–100%,0.9500450945192612
ADV calibrated,Parent orders,8.3,7,>100%,0.3106212432754967
ADV calibrated,Traded dollars,8.4,1,0–1%,3.554369136200843
ADV calibrated,Traded dollars,8.4,2,1–5%,28.016671611221955
ADV calibrated,Traded dollars,8.4,3,5–10%,12.828746678138627
ADV calibrated,Traded dollars,8.4,4,10–25%,28.494360116723968
ADV calibrated,Traded dollars,8.4,5,25–50%,10.164782792052032
ADV calibrated,Traded dollars,8.4,6,50–100%,11.620603799924927
ADV calibrated,Traded dollars,8.4,7,>100%,5.3204658657376545
ADV calibrated,Parent orders,8.4,1,0–1%,18.948538022853075
ADV calibrated,Parent orders,8.4,2,1–5%,65.59707442027806
ADV calibrated,Parent orders,8.4,3,5–10%,5.926264896472706
ADV calibrated,Parent orders,8.4,4,10–25%,7.056443978624779
ADV calibrated,Parent orders,8.4,5,25–50%,1.2110123439766127
ADV calibrated,Parent orders,8.4,6,50–100%,0.9500450945192616
ADV calibrated,Parent orders,8.4,7,>100%,0.3106212432754968
ADV calibrated,Traded dollars,8.5,1,0–1%,3.5543691362008416
ADV calibrated,Traded dollars,8.5,2,1–5%,28.016671611221962
ADV calibrated,Traded dollars,8.5,3,5–10%,12.828746678138614
ADV calibrated,Traded dollars,8.5,4,10–25%,28.494360116723975
ADV calibrated,Traded dollars,8.5,5,25–50%,10.164782792052026
ADV calibrated,Traded dollars,8.5,6,50–100%,11.62060379992492
ADV calibrated,Traded dollars,8.5,7,>100%,5.320465865737656
ADV calibrated,Parent orders,8.5,1,0–1%,18.948538022853075
ADV calibrated,Parent orders,8.5,2,1–5%,65.59707442027806
ADV calibrated,Parent orders,8.5,3,5–10%,5.926264896472706
ADV calibrated,Parent orders,8.5,4,10–25%,7.056443978624779
ADV calibrated,Parent orders,8.5,5,25–50%,1.2110123439766127
ADV calibrated,Parent orders,8.5,6,50–100%,0.9500450945192616
ADV calibrated,Parent orders,8.5,7,>100%,0.3106212432754968
ADV calibrated,Traded dollars,8.6,1,0–1%,3.5543691362008416
ADV calibrated,Traded dollars,8.6,2,1–5%,28.01667161122196
ADV calibrated,Traded dollars,8.6,3,5–10%,12.828746678138614
ADV calibrated,Traded dollars,8.6,4,10–25%,28.494360116723975
ADV calibrated,Traded dollars,8.6,5,25–50%,9.004083267155217
ADV calibrated,Traded dollars,8.6,6,50–100%,12.175417798689551
ADV calibrated,Traded dollars,8.6,7,>100%,5.926351391869837
ADV calibrated,Parent orders,8.6,1,0–1%,18.94853802285308
ADV calibrated,Parent orders,8.6,2,1–5%,65.59707442027808
ADV calibrated,Parent orders,8.6,3,5–10%,5.9262648964727065
ADV calibrated,Parent orders,8.6,4,10–25%,7.05644397862478
ADV calibrated,Parent orders,8.6,5,25–50%,1.0885936412523285
ADV calibrated,Parent orders,8.6,6,50–100%,1.0394165127498358
ADV calibrated,Parent orders,8.6,7,>100%,0.3436685277692065
ADV calibrated,Traded dollars,8.7,1,0–1%,3.554369136200841
ADV calibrated,Traded dollars,8.7,2,1–5%,28.016671611221977
ADV calibrated,Traded dollars,8.7,3,5–10%,12.828746678138623
ADV calibrated,Traded dollars,8.7,4,10–25%,26.94015486321017
ADV calibrated,Traded dollars,8.7,5,25–50%,10.558288520669022
ADV calibrated,Traded dollars,8.7,6,50–100%,12.175417798689537
ADV calibrated,Traded dollars,8.7,7,>100%,5.926351391869847
ADV calibrated,Parent orders,8.7,1,0–1%,18.94853802285308
ADV calibrated,Parent orders,8.7,2,1–5%,65.59707442027808
ADV calibrated,Parent orders,8.7,3,5–10%,5.9262648964727065
ADV calibrated,Parent orders,8.7,4,10–25%,6.8119043830610835
ADV calibrated,Parent orders,8.7,5,25–50%,1.3331332368160225
ADV calibrated,Parent orders,8.7,6,50–100%,1.0394165127498358
ADV calibrated,Parent orders,8.7,7,>100%,0.3436685277692065
ADV calibrated,Traded dollars,8.8,1,0–1%,3.5543691362008394
ADV calibrated,Traded dollars,8.8,2,1–5%,28.01667161122196
ADV calibrated,Traded dollars,8.8,3,5–10%,10.644053007381418
ADV calibrated,Traded dollars,8.8,4,10–25%,29.12484853396739
ADV calibrated,Traded dollars,8.8,5,25–50%,10.55828852066901
ADV calibrated,Traded dollars,8.8,6,50–100%,12.17541779868954
ADV calibrated,Traded dollars,8.8,7,>100%,5.926351391869851
ADV calibrated,Parent orders,8.8,1,0–1%,18.94853802285308
ADV calibrated,Parent orders,8.8,2,1–5%,65.59707442027808
ADV calibrated,Parent orders,8.8,3,5–10%,5.078621425293142
ADV calibrated,Parent orders,8.8,4,10–25%,7.659547854240644
ADV calibrated,Parent orders,8.8,5,25–50%,1.3331332368160225
ADV calibrated,Parent orders,8.8,6,50–100%,1.0394165127498358
ADV calibrated,Parent orders,8.8,7,>100%,0.3436685277692065
ADV calibrated,Traded dollars,8.9,1,0–1%,3.5543691362008394
ADV calibrated,Traded dollars,8.9,2,1–5%,28.016671611221952
ADV calibrated,Traded dollars,8.9,3,5–10%,10.644053007381418
ADV calibrated,Traded dollars,8.9,4,10–25%,29.12484853396737
ADV calibrated,Traded dollars,8.9,5,25–50%,10.55828852066901
ADV calibrated,Traded dollars,8.9,6,50–100%,11.586964059775019
ADV calibrated,Traded dollars,8.9,7,>100%,6.514805130784383
ADV calibrated,Parent orders,8.9,1,0–1%,18.948538022853075
ADV calibrated,Parent orders,8.9,2,1–5%,65.59707442027806
ADV calibrated,Parent orders,8.9,3,5–10%,5.078621425293141
ADV calibrated,Parent orders,8.9,4,10–25%,7.659547854240643
ADV calibrated,Parent orders,8.9,5,25–50%,1.3331332368160222
ADV calibrated,Parent orders,8.9,6,50–100%,1.0068434313488122
ADV calibrated,Parent orders,8.9,7,>100%,0.3762416091702307
ADV calibrated,Traded dollars,9,1,0–1%,3.554369136200843
ADV calibrated,Traded dollars,9,2,1–5%,28.016671611221984
ADV calibrated,Traded dollars,9,3,5–10%,10.644053007381427
ADV calibrated,Traded dollars,9,4,10–25%,27.6301050673474
ADV calibrated,Traded dollars,9,5,25–50%,10.935511771115726
ADV calibrated,Traded dollars,9,6,50–100%,12.704484275948237
ADV calibrated,Traded dollars,9,7,>100%,6.514805130784396
ADV calibrated,Parent orders,9,1,0–1%,18.948538022853075
ADV calibrated,Parent orders,9,2,1–5%,65.59707442027806
ADV calibrated,Parent orders,9,3,5–10%,5.078621425293141
ADV calibrated,Parent orders,9,4,10–25%,7.418927314504407
ADV calibrated,Parent orders,9,5,25–50%,1.4535198179400353
ADV calibrated,Parent orders,9,6,50–100%,1.127077389961034
ADV calibrated,Parent orders,9,7,>100%,0.3762416091702307
ADV calibrated,Traded dollars,9.1,1,0–1%,3.5543691362008434
ADV calibrated,Traded dollars,9.1,2,1–5%,27.1290954690664
ADV calibrated,Traded dollars,9.1,3,5–10%,11.53162914953699
ADV calibrated,Traded dollars,9.1,4,10–25%,27.630105067347422
ADV calibrated,Traded dollars,9.1,5,25–50%,10.935511771115728
ADV calibrated,Traded dollars,9.1,6,50–100%,12.704484275948241
ADV calibrated,Traded dollars,9.1,7,>100%,6.514805130784381
ADV calibrated,Parent orders,9.1,1,0–1%,18.94853802285307
ADV calibrated,Parent orders,9.1,2,1–5%,65.0132915746541
ADV calibrated,Parent orders,9.1,3,5–10%,5.662404270917114
ADV calibrated,Parent orders,9.1,4,10–25%,7.418927314504405
ADV calibrated,Parent orders,9.1,5,25–50%,1.453519817940035
ADV calibrated,Parent orders,9.1,6,50–100%,1.1270773899610338
ADV calibrated,Parent orders,9.1,7,>100%,0.3762416091702306
ADV calibrated,Traded dollars,9.2,1,0–1%,3.5543691362008385
ADV calibrated,Traded dollars,9.2,2,1–5%,27.1290954690664
ADV calibrated,Traded dollars,9.2,3,5–10%,11.53162914953698
ADV calibrated,Traded dollars,9.2,4,10–25%,27.630105067347444
ADV calibrated,Traded dollars,9.2,5,25–50%,10.935511771115708
ADV calibrated,Traded dollars,9.2,6,50–100%,12.704484275948243
ADV calibrated,Traded dollars,9.2,7,>100%,6.514805130784376
ADV calibrated,Parent orders,9.2,1,0–1%,18.94853802285307
ADV calibrated,Parent orders,9.2,2,1–5%,65.0132915746541
ADV calibrated,Parent orders,9.2,3,5–10%,5.662404270917114
ADV calibrated,Parent orders,9.2,4,10–25%,7.418927314504405
ADV calibrated,Parent orders,9.2,5,25–50%,1.453519817940035
ADV calibrated,Parent orders,9.2,6,50–100%,1.1270773899610338
ADV calibrated,Parent orders,9.2,7,>100%,0.3762416091702306
ADV calibrated,Traded dollars,9.3,1,0–1%,3.554369136200843
ADV calibrated,Traded dollars,9.3,2,1–5%,27.1290954690664
ADV calibrated,Traded dollars,9.3,3,5–10%,11.531629149536988
ADV calibrated,Traded dollars,9.3,4,10–25%,26.19434286006771
ADV calibrated,Traded dollars,9.3,5,25–50%,12.371273978395443
ADV calibrated,Traded dollars,9.3,6,50–100%,12.133967139086089
ADV calibrated,Traded dollars,9.3,7,>100%,7.085322267646521
ADV calibrated,Parent orders,9.3,1,0–1%,18.94853802285307
ADV calibrated,Parent orders,9.3,2,1–5%,65.0132915746541
ADV calibrated,Parent orders,9.3,3,5–10%,5.662404270917114
ADV calibrated,Parent orders,9.3,4,10–25%,7.182284849392212
ADV calibrated,Parent orders,9.3,5,25–50%,1.6901622830522354
ADV calibrated,Parent orders,9.3,6,50–100%,1.094991343886956
ADV calibrated,Parent orders,9.3,7,>100%,0.40832765524430814
ADV calibrated,Traded dollars,9.4,1,0–1%,3.5543691362008416
ADV calibrated,Traded dollars,9.4,2,1–5%,27.129095469066417
ADV calibrated,Traded dollars,9.4,3,5–10%,9.518378162604373
ADV calibrated,Traded dollars,9.4,4,10–25%,28.207593847000325
ADV calibrated,Traded dollars,9.4,5,25–50%,12.371273978395433
ADV calibrated,Traded dollars,9.4,6,50–100%,12.133967139086083
ADV calibrated,Traded dollars,9.4,7,>100%,7.085322267646522
ADV calibrated,Parent orders,9.4,1,0–1%,18.948538022853075
ADV calibrated,Parent orders,9.4,2,1–5%,65.0132915746541
ADV calibrated,Parent orders,9.4,3,5–10%,4.842956186962188
ADV calibrated,Parent orders,9.4,4,10–25%,8.001732933347133
ADV calibrated,Parent orders,9.4,5,25–50%,1.6901622830522356
ADV calibrated,Parent orders,9.4,6,50–100%,1.0949913438869563
ADV calibrated,Parent orders,9.4,7,>100%,0.40832765524430814
ADV calibrated,Traded dollars,9.5,1,0–1%,3.554369136200839
ADV calibrated,Traded dollars,9.5,2,1–5%,27.12909546906642
ADV calibrated,Traded dollars,9.5,3,5–10%,9.518378162604375
ADV calibrated,Traded dollars,9.5,4,10–25%,28.207593847000336
ADV calibrated,Traded dollars,9.5,5,25–50%,11.298171895407762
ADV calibrated,Traded dollars,9.5,6,50–100%,13.207069222073732
ADV calibrated,Traded dollars,9.5,7,>100%,7.085322267646532
ADV calibrated,Parent orders,9.5,1,0–1%,18.94853802285307
ADV calibrated,Parent orders,9.5,2,1–5%,65.0132915746541
ADV calibrated,Parent orders,9.5,3,5–10%,4.842956186962187
ADV calibrated,Parent orders,9.5,4,10–25%,8.001732933347133
ADV calibrated,Parent orders,9.5,5,25–50%,1.572185378956062
ADV calibrated,Parent orders,9.5,6,50–100%,1.2129682479831299
ADV calibrated,Parent orders,9.5,7,>100%,0.40832765524430814
ADV calibrated,Traded dollars,9.6,1,0–1%,3.5543691362008416
ADV calibrated,Traded dollars,9.6,2,1–5%,27.129095469066392
ADV calibrated,Traded dollars,9.6,3,5–10%,9.518378162604375
ADV calibrated,Traded dollars,9.6,4,10–25%,26.830346501789254
ADV calibrated,Traded dollars,9.6,5,25–50%,12.675419240618837
ADV calibrated,Traded dollars,9.6,6,50–100%,13.207069222073734
ADV calibrated,Traded dollars,9.6,7,>100%,7.0853222676465535
ADV calibrated,Parent orders,9.6,1,0–1%,18.94853802285307
ADV calibrated,Parent orders,9.6,2,1–5%,65.0132915746541
ADV calibrated,Parent orders,9.6,3,5–10%,4.842956186962187
ADV calibrated,Parent orders,9.6,4,10–25%,7.769131921979572
ADV calibrated,Parent orders,9.6,5,25–50%,1.8047863903236228
ADV calibrated,Parent orders,9.6,6,50–100%,1.2129682479831299
ADV calibrated,Parent orders,9.6,7,>100%,0.40832765524430814
ADV calibrated,Traded dollars,9.7,1,0–1%,3.5543691362008434
ADV calibrated,Traded dollars,9.7,2,1–5%,27.12909546906642
ADV calibrated,Traded dollars,9.7,3,5–10%,9.518378162604384
ADV calibrated,Traded dollars,9.7,4,10–25%,26.830346501789254
ADV calibrated,Traded dollars,9.7,5,25–50%,12.67541924061884
ADV calibrated,Traded dollars,9.7,6,50–100%,12.655017220994724
ADV calibrated,Traded dollars,9.7,7,>100%,7.637374268725544
ADV calibrated,Parent orders,9.7,1,0–1%,18.948538022853075
ADV calibrated,Parent orders,9.7,2,1–5%,65.0132915746541
ADV calibrated,Parent orders,9.7,3,5–10%,4.842956186962188
ADV calibrated,Parent orders,9.7,4,10–25%,7.7691319219795725
ADV calibrated,Parent orders,9.7,5,25–50%,1.804786390323623
ADV calibrated,Parent orders,9.7,6,50–100%,1.1813832164751676
ADV calibrated,Parent orders,9.7,7,>100%,0.4399126867522685
ADV calibrated,Traded dollars,9.8,1,0–1%,3.554369136200839
ADV calibrated,Traded dollars,9.8,2,1–5%,27.129095469066446
ADV calibrated,Traded dollars,9.8,3,5–10%,9.518378162604371
ADV calibrated,Traded dollars,9.8,4,10–25%,26.83034650178926
ADV calibrated,Traded dollars,9.8,5,25–50%,12.675419240618819
ADV calibrated,Traded dollars,9.8,6,50–100%,12.6550172209947
ADV calibrated,Traded dollars,9.8,7,>100%,7.637374268725546
ADV calibrated,Parent orders,9.8,1,0–1%,18.948538022853075
ADV calibrated,Parent orders,9.8,2,1–5%,65.0132915746541
ADV calibrated,Parent orders,9.8,3,5–10%,4.842956186962188
ADV calibrated,Parent orders,9.8,4,10–25%,7.7691319219795725
ADV calibrated,Parent orders,9.8,5,25–50%,1.804786390323623
ADV calibrated,Parent orders,9.8,6,50–100%,1.1813832164751676
ADV calibrated,Parent orders,9.8,7,>100%,0.4399126867522685
ADV calibrated,Traded dollars,9.9,1,0–1%,2.346985547126694
ADV calibrated,Traded dollars,9.9,2,1–5%,28.336479058140547
ADV calibrated,Traded dollars,9.9,3,5–10%,9.518378162604371
ADV calibrated,Traded dollars,9.9,4,10–25%,25.511161219617836
ADV calibrated,Traded dollars,9.9,5,25–50%,13.994604522790274
ADV calibrated,Traded dollars,9.9,6,50–100%,12.655017220994706
ADV calibrated,Traded dollars,9.9,7,>100%,7.637374268725561
ADV calibrated,Parent orders,9.9,1,0–1%,14.236475003483752
ADV calibrated,Parent orders,9.9,2,1–5%,69.72535459402343
ADV calibrated,Parent orders,9.9,3,5–10%,4.842956186962189
ADV calibrated,Parent orders,9.9,4,10–25%,7.5406405718160405
ADV calibrated,Parent orders,9.9,5,25–50%,2.0332777404871574
ADV calibrated,Parent orders,9.9,6,50–100%,1.1813832164751679
ADV calibrated,Parent orders,9.9,7,>100%,0.4399126867522686
ADV calibrated,Traded dollars,10,1,0–1%,2.346985547126693
ADV calibrated,Traded dollars,10,2,1–5%,28.336479058140544
ADV calibrated,Traded dollars,10,3,5–10%,9.518378162604375
ADV calibrated,Traded dollars,10,4,10–25%,25.511161219617833
ADV calibrated,Traded dollars,10,5,25–50%,12.96722634032212
ADV calibrated,Traded dollars,10,6,50–100%,13.682395403462847
ADV calibrated,Traded dollars,10,7,>100%,7.637374268725568
ADV calibrated,Parent orders,10,1,0–1%,14.236475003483752
ADV calibrated,Parent orders,10,2,1–5%,69.72535459402343
ADV calibrated,Parent orders,10,3,5–10%,4.842956186962189
ADV calibrated,Parent orders,10,4,10–25%,7.5406405718160405
ADV calibrated,Parent orders,10,5,25–50%,1.9176380162401365
ADV calibrated,Parent orders,10,6,50–100%,1.2970229407221898
ADV calibrated,Parent orders,10,7,>100%,0.4399126867522686
ADV calibrated,Traded dollars,10.1,1,0–1%,2.3469855471266943
ADV calibrated,Traded dollars,10.1,2,1–5%,28.336479058140547
ADV calibrated,Traded dollars,10.1,3,5–10%,7.673721461452777
ADV calibrated,Traded dollars,10.1,4,10–25%,27.355817920769418
ADV calibrated,Traded dollars,10.1,5,25–50%,12.967226340322128
ADV calibrated,Traded dollars,10.1,6,50–100%,13.682395403462872
ADV calibrated,Traded dollars,10.1,7,>100%,7.637374268725564
ADV calibrated,Parent orders,10.1,1,0–1%,14.236475003483754
ADV calibrated,Parent orders,10.1,2,1–5%,69.72535459402343
ADV calibrated,Parent orders,10.1,3,5–10%,4.052633165827442
ADV calibrated,Parent orders,10.1,4,10–25%,8.330963592950784
ADV calibrated,Parent orders,10.1,5,25–50%,1.9176380162401367
ADV calibrated,Parent orders,10.1,6,50–100%,1.29702294072219
ADV calibrated,Parent orders,10.1,7,>100%,0.43991268675226863
ADV calibrated,Traded dollars,10.2,1,0–1%,2.346985547126694
ADV calibrated,Traded dollars,10.2,2,1–5%,28.336479058140547
ADV calibrated,Traded dollars,10.2,3,5–10%,7.6737214614527804
ADV calibrated,Traded dollars,10.2,4,10–25%,27.35581792076946
ADV calibrated,Traded dollars,10.2,5,25–50%,12.96722634032213
ADV calibrated,Traded dollars,10.2,6,50–100%,13.149362026386196
ADV calibrated,Traded dollars,10.2,7,>100%,8.170407645802191
ADV calibrated,Parent orders,10.2,1,0–1%,14.236475003483754
ADV calibrated,Parent orders,10.2,2,1–5%,69.72535459402343
ADV calibrated,Parent orders,10.2,3,5–10%,4.052633165827442
ADV calibrated,Parent orders,10.2,4,10–25%,8.330963592950784
ADV calibrated,Parent orders,10.2,5,25–50%,1.9176380162401367
ADV calibrated,Parent orders,10.2,6,50–100%,1.2659542301820366
ADV calibrated,Parent orders,10.2,7,>100%,0.4709813972924208
ADV calibrated,Traded dollars,10.3,1,0–1%,2.3469855471266956
ADV calibrated,Traded dollars,10.3,2,1–5%,28.336479058140547
ADV calibrated,Traded dollars,10.3,3,5–10%,7.673721461452785
ADV calibrated,Traded dollars,10.3,4,10–25%,26.094254876965504
ADV calibrated,Traded dollars,10.3,5,25–50%,14.228789384126078
ADV calibrated,Traded dollars,10.3,6,50–100%,13.149362026386205
ADV calibrated,Traded dollars,10.3,7,>100%,8.170407645802198
ADV calibrated,Parent orders,10.3,1,0–1%,14.236475003483752
ADV calibrated,Parent orders,10.3,2,1–5%,69.72535459402343
ADV calibrated,Parent orders,10.3,3,5–10%,4.052633165827442
ADV calibrated,Parent orders,10.3,4,10–25%,8.106655477701011
ADV calibrated,Parent orders,10.3,5,25–50%,2.1419461314899104
ADV calibrated,Parent orders,10.3,6,50–100%,1.2659542301820363
ADV calibrated,Parent orders,10.3,7,>100%,0.4709813972924207
ADV calibrated,Traded dollars,10.4,1,0–1%,2.346985547126693
ADV calibrated,Traded dollars,10.4,2,1–5%,28.336479058140576
ADV calibrated,Traded dollars,10.4,3,5–10%,7.673721461452776
ADV calibrated,Traded dollars,10.4,4,10–25%,26.094254876965508
ADV calibrated,Traded dollars,10.4,5,25–50%,14.228789384126058
ADV calibrated,Traded dollars,10.4,6,50–100%,13.14936202638619
ADV calibrated,Traded dollars,10.4,7,>100%,8.1704076458022
ADV calibrated,Parent orders,10.4,1,0–1%,14.236475003483752
ADV calibrated,Parent orders,10.4,2,1–5%,69.72535459402343
ADV calibrated,Parent orders,10.4,3,5–10%,4.052633165827442
ADV calibrated,Parent orders,10.4,4,10–25%,8.106655477701011
ADV calibrated,Parent orders,10.4,5,25–50%,2.1419461314899104
ADV calibrated,Parent orders,10.4,6,50–100%,1.2659542301820363
ADV calibrated,Parent orders,10.4,7,>100%,0.4709813972924207
ADV calibrated,Traded dollars,10.5,1,0–1%,2.346985547126694
ADV calibrated,Traded dollars,10.5,2,1–5%,27.599056502013443
ADV calibrated,Traded dollars,10.5,3,5–10%,8.41114401757987
ADV calibrated,Traded dollars,10.5,4,10–25%,26.094254876965504
ADV calibrated,Traded dollars,10.5,5,25–50%,14.228789384126065
ADV calibrated,Traded dollars,10.5,6,50–100%,13.149362026386205
ADV calibrated,Traded dollars,10.5,7,>100%,8.170407645802207
ADV calibrated,Parent orders,10.5,1,0–1%,14.23647500348375
ADV calibrated,Parent orders,10.5,2,1–5%,69.18508947387372
ADV calibrated,Parent orders,10.5,3,5–10%,4.592898285977145
ADV calibrated,Parent orders,10.5,4,10–25%,8.10665547770101
ADV calibrated,Parent orders,10.5,5,25–50%,2.14194613148991
ADV calibrated,Parent orders,10.5,6,50–100%,1.2659542301820363
ADV calibrated,Parent orders,10.5,7,>100%,0.47098139729242067
ADV calibrated,Traded dollars,10.6,1,0–1%,2.346985547126694
ADV calibrated,Traded dollars,10.6,2,1–5%,27.599056502013475
ADV calibrated,Traded dollars,10.6,3,5–10%,8.411144017579872
ADV calibrated,Traded dollars,10.6,4,10–25%,26.094254876965483
ADV calibrated,Traded dollars,10.6,5,25–50%,13.248511577587236
ADV calibrated,Traded dollars,10.6,6,50–100%,14.12963983292504
ADV calibrated,Traded dollars,10.6,7,>100%,8.170407645802191
ADV calibrated,Parent orders,10.6,1,0–1%,14.236475003483752
ADV calibrated,Parent orders,10.6,2,1–5%,69.18508947387373
ADV calibrated,Parent orders,10.6,3,5–10%,4.592898285977145
ADV calibrated,Parent orders,10.6,4,10–25%,8.106655477701011
ADV calibrated,Parent orders,10.6,5,25–50%,2.028733026970354
ADV calibrated,Parent orders,10.6,6,50–100%,1.3791673347015918
ADV calibrated,Parent orders,10.6,7,>100%,0.4709813972924207
ADV calibrated,Traded dollars,10.7,1,0–1%,2.3469855471266934
ADV calibrated,Traded dollars,10.7,2,1–5%,27.59905650201347
ADV calibrated,Traded dollars,10.7,3,5–10%,8.411144017579874
ADV calibrated,Traded dollars,10.7,4,10–25%,24.88988648271519
ADV calibrated,Traded dollars,10.7,5,25–50%,14.452879971837516
ADV calibrated,Traded dollars,10.7,6,50–100%,13.6162047627184
ADV calibrated,Traded dollars,10.7,7,>100%,8.683842716008872
ADV calibrated,Parent orders,10.7,1,0–1%,14.236475003483752
ADV calibrated,Parent orders,10.7,2,1–5%,69.18508947387373
ADV calibrated,Parent orders,10.7,3,5–10%,4.592898285977145
ADV calibrated,Parent orders,10.7,4,10–25%,7.886610158156382
ADV calibrated,Parent orders,10.7,5,25–50%,2.2487783465149795
ADV calibrated,Parent orders,10.7,6,50–100%,1.3486317962115555
ADV calibrated,Parent orders,10.7,7,>100%,0.5015169357824574
ADV calibrated,Traded dollars,10.8,1,0–1%,2.3469855471266965
ADV calibrated,Traded dollars,10.8,2,1–5%,27.599056502013458
ADV calibrated,Traded dollars,10.8,3,5–10%,8.411144017579876
ADV calibrated,Traded dollars,10.8,4,10–25%,24.889886482715216
ADV calibrated,Traded dollars,10.8,5,25–50%,14.452879971837534
ADV calibrated,Traded dollars,10.8,6,50–100%,13.616204762718406
ADV calibrated,Traded dollars,10.8,7,>100%,8.68384271600882
ADV calibrated,Parent orders,10.8,1,0–1%,14.236475003483752
ADV calibrated,Parent orders,10.8,2,1–5%,69.18508947387373
ADV calibrated,Parent orders,10.8,3,5–10%,4.592898285977145
ADV calibrated,Parent orders,10.8,4,10–25%,7.886610158156382
ADV calibrated,Parent orders,10.8,5,25–50%,2.2487783465149795
ADV calibrated,Parent orders,10.8,6,50–100%,1.3486317962115555
ADV calibrated,Parent orders,10.8,7,>100%,0.5015169357824574
ADV calibrated,Traded dollars,10.9,1,0–1%,2.3469855471266947
ADV calibrated,Traded dollars,10.9,2,1–5%,27.599056502013454
ADV calibrated,Traded dollars,10.9,3,5–10%,6.732368275940549
ADV calibrated,Traded dollars,10.9,4,10–25%,26.56866222435453
ADV calibrated,Traded dollars,10.9,5,25–50%,14.452879971837516
ADV calibrated,Traded dollars,10.9,6,50–100%,13.616204762718398
ADV calibrated,Traded dollars,10.9,7,>100%,8.683842716008847
ADV calibrated,Parent orders,10.9,1,0–1%,14.236475003483752
ADV calibrated,Parent orders,10.9,2,1–5%,69.18508947387373
ADV calibrated,Parent orders,10.9,3,5–10%,3.83278389856664
ADV calibrated,Parent orders,10.9,4,10–25%,8.646724545566881
ADV calibrated,Parent orders,10.9,5,25–50%,2.2487783465149795
ADV calibrated,Parent orders,10.9,6,50–100%,1.3486317962115555
ADV calibrated,Parent orders,10.9,7,>100%,0.5015169357824574
ADV calibrated,Traded dollars,11,1,0–1%,2.346985547126695
ADV calibrated,Traded dollars,11,2,1–5%,27.59905650201344
ADV calibrated,Traded dollars,11,3,5–10%,6.73236827594055
ADV calibrated,Traded dollars,11,4,10–25%,26.568662224354533
ADV calibrated,Traded dollars,11,5,25–50%,14.452879971837541
ADV calibrated,Traded dollars,11,6,50–100%,13.616204762718395
ADV calibrated,Traded dollars,11,7,>100%,8.68384271600886
ADV calibrated,Parent orders,11,1,0–1%,14.236475003483752
ADV calibrated,Parent orders,11,2,1–5%,69.18508947387373
ADV calibrated,Parent orders,11,3,5–10%,3.83278389856664
ADV calibrated,Parent orders,11,4,10–25%,8.646724545566881
ADV calibrated,Parent orders,11,5,25–50%,2.2487783465149795
ADV calibrated,Parent orders,11,6,50–100%,1.3486317962115555
ADV calibrated,Parent orders,11,7,>100%,0.5015169357824574
ADV calibrated,Traded dollars,11.1,1,0–1%,2.3469855471266934
ADV calibrated,Traded dollars,11.1,2,1–5%,27.599056502013447
ADV calibrated,Traded dollars,11.1,3,5–10%,6.732368275940545
ADV calibrated,Traded dollars,11.1,4,10–25%,26.568662224354558
ADV calibrated,Traded dollars,11.1,5,25–50%,14.452879971837527
ADV calibrated,Traded dollars,11.1,6,50–100%,13.616204762718391
ADV calibrated,Traded dollars,11.1,7,>100%,8.683842716008844
ADV calibrated,Parent orders,11.1,1,0–1%,14.236475003483752
ADV calibrated,Parent orders,11.1,2,1–5%,69.18508947387373
ADV calibrated,Parent orders,11.1,3,5–10%,3.83278389856664
ADV calibrated,Parent orders,11.1,4,10–25%,8.646724545566881
ADV calibrated,Parent orders,11.1,5,25–50%,2.2487783465149795
ADV calibrated,Parent orders,11.1,6,50–100%,1.3486317962115555
ADV calibrated,Parent orders,11.1,7,>100%,0.5015169357824574
ADV calibrated,Traded dollars,11.2,1,0–1%,2.346985547126695
ADV calibrated,Traded dollars,11.2,2,1–5%,27.59905650201346
ADV calibrated,Traded dollars,11.2,3,5–10%,6.732368275940549
ADV calibrated,Traded dollars,11.2,4,10–25%,25.42107224510446
ADV calibrated,Traded dollars,11.2,5,25–50%,15.600469951087595
ADV calibrated,Traded dollars,11.2,6,50–100%,13.122975090789966
ADV calibrated,Traded dollars,11.2,7,>100%,9.177072387937283
ADV calibrated,Parent orders,11.2,1,0–1%,14.236475003483752
ADV calibrated,Parent orders,11.2,2,1–5%,69.18508947387373
ADV calibrated,Parent orders,11.2,3,5–10%,3.83278389856664
ADV calibrated,Parent orders,11.2,4,10–25%,8.431028289315233
ADV calibrated,Parent orders,11.2,5,25–50%,2.4644746027666287
ADV calibrated,Parent orders,11.2,6,50–100%,1.3186480899892286
ADV calibrated,Parent orders,11.2,7,>100%,0.5315006420047843
ADV calibrated,Traded dollars,11.3,1,0–1%,2.346985547126695
ADV calibrated,Traded dollars,11.3,2,1–5%,27.59905650201346
ADV calibrated,Traded dollars,11.3,3,5–10%,6.732368275940549
ADV calibrated,Traded dollars,11.3,4,10–25%,25.421072245104433
ADV calibrated,Traded dollars,11.3,5,25–50%,14.668743294918727
ADV calibrated,Traded dollars,11.3,6,50–100%,14.054701746958854
ADV calibrated,Traded dollars,11.3,7,>100%,9.177072387937274
ADV calibrated,Parent orders,11.3,1,0–1%,14.236475003483752
ADV calibrated,Parent orders,11.3,2,1–5%,69.18508947387373
ADV calibrated,Parent orders,11.3,3,5–10%,3.83278389856664
ADV calibrated,Parent orders,11.3,4,10–25%,8.431028289315233
ADV calibrated,Parent orders,11.3,5,25–50%,2.3537887585467647
ADV calibrated,Parent orders,11.3,6,50–100%,1.4293339342090923
ADV calibrated,Parent orders,11.3,7,>100%,0.5315006420047843
ADV calibrated,Traded dollars,11.4,1,0–1%,2.3469855471266934
ADV calibrated,Traded dollars,11.4,2,1–5%,27.599056502013458
ADV calibrated,Traded dollars,11.4,3,5–10%,6.732368275940545
ADV calibrated,Traded dollars,11.4,4,10–25%,25.421072245104487
ADV calibrated,Traded dollars,11.4,5,25–50%,14.668743294918709
ADV calibrated,Traded dollars,11.4,6,50–100%,14.05470174695883
ADV calibrated,Traded dollars,11.4,7,>100%,9.177072387937281
ADV calibrated,Parent orders,11.4,1,0–1%,14.236475003483752
ADV calibrated,Parent orders,11.4,2,1–5%,69.18508947387373
ADV calibrated,Parent orders,11.4,3,5–10%,3.83278389856664
ADV calibrated,Parent orders,11.4,4,10–25%,8.431028289315233
ADV calibrated,Parent orders,11.4,5,25–50%,2.3537887585467647
ADV calibrated,Parent orders,11.4,6,50–100%,1.4293339342090923
ADV calibrated,Parent orders,11.4,7,>100%,0.5315006420047843
ADV calibrated,Traded dollars,11.5,1,0–1%,2.3469855471266956
ADV calibrated,Traded dollars,11.5,2,1–5%,27.599056502013454
ADV calibrated,Traded dollars,11.5,3,5–10%,6.732368275940551
ADV calibrated,Traded dollars,11.5,4,10–25%,25.42107224510446
ADV calibrated,Traded dollars,11.5,5,25–50%,14.668743294918722
ADV calibrated,Traded dollars,11.5,6,50–100%,14.054701746958832
ADV calibrated,Traded dollars,11.5,7,>100%,9.17707238793728
ADV calibrated,Parent orders,11.5,1,0–1%,14.236475003483752
ADV calibrated,Parent orders,11.5,2,1–5%,69.18508947387373
ADV calibrated,Parent orders,11.5,3,5–10%,3.83278389856664
ADV calibrated,Parent orders,11.5,4,10–25%,8.431028289315233
ADV calibrated,Parent orders,11.5,5,25–50%,2.3537887585467647
ADV calibrated,Parent orders,11.5,6,50–100%,1.4293339342090923
ADV calibrated,Parent orders,11.5,7,>100%,0.5315006420047843
ADV calibrated,Traded dollars,11.6,1,0–1%,2.3469855471266965
ADV calibrated,Traded dollars,11.6,2,1–5%,27.599056502013454
ADV calibrated,Traded dollars,11.6,3,5–10%,6.732368275940552
ADV calibrated,Traded dollars,11.6,4,10–25%,24.32985474002966
ADV calibrated,Traded dollars,11.6,5,25–50%,15.759960799993523
ADV calibrated,Traded dollars,11.6,6,50–100%,14.054701746958838
ADV calibrated,Traded dollars,11.6,7,>100%,9.177072387937278
ADV calibrated,Parent orders,11.6,1,0–1%,14.23647500348375
ADV calibrated,Parent orders,11.6,2,1–5%,69.18508947387372
ADV calibrated,Parent orders,11.6,3,5–10%,3.8327838985666394
ADV calibrated,Parent orders,11.6,4,10–25%,8.219774909032274
ADV calibrated,Parent orders,11.6,5,25–50%,2.5650421388297238
ADV calibrated,Parent orders,11.6,6,50–100%,1.4293339342090923
ADV calibrated,Parent orders,11.6,7,>100%,0.5315006420047843
ADV calibrated,Traded dollars,11.7,1,0–1%,2.346985547126695
ADV calibrated,Traded dollars,11.7,2,1–5%,27.59905650201347
ADV calibrated,Traded dollars,11.7,3,5–10%,6.732368275940551
ADV calibrated,Traded dollars,11.7,4,10–25%,24.32985474002968
ADV calibrated,Traded dollars,11.7,5,25–50%,15.759960799993506
ADV calibrated,Traded dollars,11.7,6,50–100%,14.054701746958827
ADV calibrated,Traded dollars,11.7,7,>100%,9.177072387937265
ADV calibrated,Parent orders,11.7,1,0–1%,14.23647500348375
ADV calibrated,Parent orders,11.7,2,1–5%,69.18508947387372
ADV calibrated,Parent orders,11.7,3,5–10%,3.8327838985666394
ADV calibrated,Parent orders,11.7,4,10–25%,8.219774909032274
ADV calibrated,Parent orders,11.7,5,25–50%,2.5650421388297238
ADV calibrated,Parent orders,11.7,6,50–100%,1.4293339342090923
ADV calibrated,Parent orders,11.7,7,>100%,0.5315006420047843
ADV calibrated,Traded dollars,11.8,1,0–1%,2.3469855471266956
ADV calibrated,Traded dollars,11.8,2,1–5%,27.599056502013458
ADV calibrated,Traded dollars,11.8,3,5–10%,6.732368275940552
ADV calibrated,Traded dollars,11.8,4,10–25%,24.329854740029692
ADV calibrated,Traded dollars,11.8,5,25–50%,15.759960799993516
ADV calibrated,Traded dollars,11.8,6,50–100%,13.582313115236271
ADV calibrated,Traded dollars,11.8,7,>100%,9.649461019659798
ADV calibrated,Parent orders,11.8,1,0–1%,14.23647500348375
ADV calibrated,Parent orders,11.8,2,1–5%,69.18508947387372
ADV calibrated,Parent orders,11.8,3,5–10%,3.8327838985666394
ADV calibrated,Parent orders,11.8,4,10–25%,8.219774909032274
ADV calibrated,Parent orders,11.8,5,25–50%,2.5650421388297238
ADV calibrated,Parent orders,11.8,6,50–100%,1.3999228535407566
ADV calibrated,Parent orders,11.8,7,>100%,0.5609117226731195
ADV calibrated,Traded dollars,11.9,1,0–1%,2.346985547126695
ADV calibrated,Traded dollars,11.9,2,1–5%,27.59905650201346
ADV calibrated,Traded dollars,11.9,3,5–10%,5.216873201334932
ADV calibrated,Traded dollars,11.9,4,10–25%,25.84534981463531
ADV calibrated,Traded dollars,11.9,5,25–50%,15.75996079999351
ADV calibrated,Traded dollars,11.9,6,50–100%,13.582313115236275
ADV calibrated,Traded dollars,11.9,7,>100%,9.64946101965981
ADV calibrated,Parent orders,11.9,1,0–1%,14.23647500348375
ADV calibrated,Parent orders,11.9,2,1–5%,69.18508947387372
ADV calibrated,Parent orders,11.9,3,5–10%,3.104153880292999
ADV calibrated,Parent orders,11.9,4,10–25%,8.948404927305917
ADV calibrated,Parent orders,11.9,5,25–50%,2.5650421388297238
ADV calibrated,Parent orders,11.9,6,50–100%,1.3999228535407566
ADV calibrated,Parent orders,11.9,7,>100%,0.5609117226731195
ADV calibrated,Traded dollars,12,1,0–1%,2.346985547126696
ADV calibrated,Traded dollars,12,2,1–5%,27.599056502013454
ADV calibrated,Traded dollars,12,3,5–10%,5.216873201334932
ADV calibrated,Traded dollars,12,4,10–25%,25.84534981463528
ADV calibrated,Traded dollars,12,5,25–50%,14.878313543766339
ADV calibrated,Traded dollars,12,6,50–100%,14.463960371463461
ADV calibrated,Traded dollars,12,7,>100%,9.649461019659851
ADV calibrated,Parent orders,12,1,0–1%,14.23647500348375
ADV calibrated,Parent orders,12,2,1–5%,69.18508947387372
ADV calibrated,Parent orders,12,3,5–10%,3.104153880292999
ADV calibrated,Parent orders,12,4,10–25%,8.948404927305917
ADV calibrated,Parent orders,12,5,25–50%,2.4569977938935845
ADV calibrated,Parent orders,12,6,50–100%,1.5079671984768954
ADV calibrated,Parent orders,12,7,>100%,0.5609117226731195
ADV calibrated,Traded dollars,12.1,1,0–1%,1.3925634255990067
ADV calibrated,Traded dollars,12.1,2,1–5%,28.553478623541164
ADV calibrated,Traded dollars,12.1,3,5–10%,5.216873201334933
ADV calibrated,Traded dollars,12.1,4,10–25%,24.81010785182847
ADV calibrated,Traded dollars,12.1,5,25–50%,15.913555506573147
ADV calibrated,Traded dollars,12.1,6,50–100%,14.463960371463445
ADV calibrated,Traded dollars,12.1,7,>100%,9.649461019659842
ADV calibrated,Parent orders,12.1,1,0–1%,9.955923324234142
ADV calibrated,Parent orders,12.1,2,1–5%,73.46564115312331
ADV calibrated,Parent orders,12.1,3,5–10%,3.104153880293
ADV calibrated,Parent orders,12.1,4,10–25%,8.741696762081686
ADV calibrated,Parent orders,12.1,5,25–50%,2.6637059591178227
ADV calibrated,Parent orders,12.1,6,50–100%,1.5079671984768959
ADV calibrated,Parent orders,12.1,7,>100%,0.5609117226731197
ADV calibrated,Traded dollars,12.2,1,0–1%,1.392563425599007
ADV calibrated,Traded dollars,12.2,2,1–5%,28.553478623541167
ADV calibrated,Traded dollars,12.2,3,5–10%,5.21687320133493
ADV calibrated,Traded dollars,12.2,4,10–25%,24.81010785182845
ADV calibrated,Traded dollars,12.2,5,25–50%,15.913555506573157
ADV calibrated,Traded dollars,12.2,6,50–100%,14.463960371463449
ADV calibrated,Traded dollars,12.2,7,>100%,9.64946101965985
ADV calibrated,Parent orders,12.2,1,0–1%,9.955923324234142
ADV calibrated,Parent orders,12.2,2,1–5%,73.46564115312331
ADV calibrated,Parent orders,12.2,3,5–10%,3.104153880293
ADV calibrated,Parent orders,12.2,4,10–25%,8.741696762081686
ADV calibrated,Parent orders,12.2,5,25–50%,2.6637059591178227
ADV calibrated,Parent orders,12.2,6,50–100%,1.5079671984768959
ADV calibrated,Parent orders,12.2,7,>100%,0.5609117226731197
ADV calibrated,Traded dollars,12.3,1,0–1%,1.392563425599007
ADV calibrated,Traded dollars,12.3,2,1–5%,28.55347862354115
ADV calibrated,Traded dollars,12.3,3,5–10%,5.216873201334931
ADV calibrated,Traded dollars,12.3,4,10–25%,24.810107851828455
ADV calibrated,Traded dollars,12.3,5,25–50%,15.913555506573172
ADV calibrated,Traded dollars,12.3,6,50–100%,14.463960371463445
ADV calibrated,Traded dollars,12.3,7,>100%,9.649461019659853
ADV calibrated,Parent orders,12.3,1,0–1%,9.955923324234142
ADV calibrated,Parent orders,12.3,2,1–5%,73.46564115312331
ADV calibrated,Parent orders,12.3,3,5–10%,3.104153880293
ADV calibrated,Parent orders,12.3,4,10–25%,8.741696762081686
ADV calibrated,Parent orders,12.3,5,25–50%,2.6637059591178227
ADV calibrated,Parent orders,12.3,6,50–100%,1.5079671984768959
ADV calibrated,Parent orders,12.3,7,>100%,0.5609117226731197
ADV calibrated,Traded dollars,12.4,1,0–1%,1.3925634255990058
ADV calibrated,Traded dollars,12.4,2,1–5%,27.96266806336093
ADV calibrated,Traded dollars,12.4,3,5–10%,5.8076837615151335
ADV calibrated,Traded dollars,12.4,4,10–25%,24.81010785182851
ADV calibrated,Traded dollars,12.4,5,25–50%,15.913555506573141
ADV calibrated,Traded dollars,12.4,6,50–100%,14.463960371463433
ADV calibrated,Traded dollars,12.4,7,>100%,9.649461019659835
ADV calibrated,Parent orders,12.4,1,0–1%,9.955923324234139
ADV calibrated,Parent orders,12.4,2,1–5%,72.97363816701586
ADV calibrated,Parent orders,12.4,3,5–10%,3.5961568664004813
ADV calibrated,Parent orders,12.4,4,10–25%,8.741696762081682
ADV calibrated,Parent orders,12.4,5,25–50%,2.663705959117822
ADV calibrated,Parent orders,12.4,6,50–100%,1.5079671984768952
ADV calibrated,Parent orders,12.4,7,>100%,0.5609117226731195
ADV calibrated,Traded dollars,12.5,1,0–1%,1.392563425599007
ADV calibrated,Traded dollars,12.5,2,1–5%,27.962668063360933
ADV calibrated,Traded dollars,12.5,3,5–10%,5.80768376151514
ADV calibrated,Traded dollars,12.5,4,10–25%,24.81010785182844
ADV calibrated,Traded dollars,12.5,5,25–50%,15.913555506573198
ADV calibrated,Traded dollars,12.5,6,50–100%,14.01307797543484
ADV calibrated,Traded dollars,12.5,7,>100%,10.100343415688455
ADV calibrated,Parent orders,12.5,1,0–1%,9.955923324234139
ADV calibrated,Parent orders,12.5,2,1–5%,72.97363816701586
ADV calibrated,Parent orders,12.5,3,5–10%,3.5961568664004813
ADV calibrated,Parent orders,12.5,4,10–25%,8.741696762081682
ADV calibrated,Parent orders,12.5,5,25–50%,2.663705959117822
ADV calibrated,Parent orders,12.5,6,50–100%,1.4791520697334337
ADV calibrated,Parent orders,12.5,7,>100%,0.589726851416581
ADV calibrated,Traded dollars,12.6,1,0–1%,1.3925634255990056
ADV calibrated,Traded dollars,12.6,2,1–5%,27.962668063360915
ADV calibrated,Traded dollars,12.6,3,5–10%,5.8076837615151335
ADV calibrated,Traded dollars,12.6,4,10–25%,24.81010785182847
ADV calibrated,Traded dollars,12.6,5,25–50%,15.91355550657315
ADV calibrated,Traded dollars,12.6,6,50–100%,14.013077975434834
ADV calibrated,Traded dollars,12.6,7,>100%,10.100343415688487
ADV calibrated,Parent orders,12.6,1,0–1%,9.955923324234139
ADV calibrated,Parent orders,12.6,2,1–5%,72.97363816701586
ADV calibrated,Parent orders,12.6,3,5–10%,3.5961568664004813
ADV calibrated,Parent orders,12.6,4,10–25%,8.741696762081682
ADV calibrated,Parent orders,12.6,5,25–50%,2.663705959117822
ADV calibrated,Parent orders,12.6,6,50–100%,1.4791520697334337
ADV calibrated,Parent orders,12.6,7,>100%,0.589726851416581
ADV calibrated,Traded dollars,12.7,1,0–1%,1.3925634255990065
ADV calibrated,Traded dollars,12.7,2,1–5%,27.96266806336095
ADV calibrated,Traded dollars,12.7,3,5–10%,5.807683761515139
ADV calibrated,Traded dollars,12.7,4,10–25%,23.830451941468024
ADV calibrated,Traded dollars,12.7,5,25–50%,16.893211416933582
ADV calibrated,Traded dollars,12.7,6,50–100%,14.013077975434841
ADV calibrated,Traded dollars,12.7,7,>100%,10.10034341568845
ADV calibrated,Parent orders,12.7,1,0–1%,9.955923324234137
ADV calibrated,Parent orders,12.7,2,1–5%,72.97363816701586
ADV calibrated,Parent orders,12.7,3,5–10%,3.596156866400481
ADV calibrated,Parent orders,12.7,4,10–25%,8.539645832378906
ADV calibrated,Parent orders,12.7,5,25–50%,2.8657568888206018
ADV calibrated,Parent orders,12.7,6,50–100%,1.4791520697334335
ADV calibrated,Parent orders,12.7,7,>100%,0.589726851416581
ADV calibrated,Traded dollars,12.8,1,0–1%,1.3925634255990065
ADV calibrated,Traded dollars,12.8,2,1–5%,27.96266806336095
ADV calibrated,Traded dollars,12.8,3,5–10%,5.807683761515139
ADV calibrated,Traded dollars,12.8,4,10–25%,23.83045194146806
ADV calibrated,Traded dollars,12.8,5,25–50%,16.886085972102027
ADV calibrated,Traded dollars,12.8,6,50–100%,14.020203420266382
ADV calibrated,Traded dollars,12.8,7,>100%,10.100343415688425
ADV calibrated,Parent orders,12.8,1,0–1%,9.955923324234139
ADV calibrated,Parent orders,12.8,2,1–5%,72.97363816701586
ADV calibrated,Parent orders,12.8,3,5–10%,3.5961568664004813
ADV calibrated,Parent orders,12.8,4,10–25%,8.539645832378907
ADV calibrated,Parent orders,12.8,5,25–50%,2.8617382561833566
ADV calibrated,Parent orders,12.8,6,50–100%,1.4831707023706788
ADV calibrated,Parent orders,12.8,7,>100%,0.589726851416581
ADV calibrated,Traded dollars,12.9,1,0–1%,1.3925634255990074
ADV calibrated,Traded dollars,12.9,2,1–5%,27.96266806336095
ADV calibrated,Traded dollars,12.9,3,5–10%,5.807683761515142
ADV calibrated,Traded dollars,12.9,4,10–25%,23.830451941468013
ADV calibrated,Traded dollars,12.9,5,25–50%,16.063251671823938
ADV calibrated,Traded dollars,12.9,6,50–100%,14.843037720544524
ADV calibrated,Traded dollars,12.9,7,>100%,10.100343415688428
ADV calibrated,Parent orders,12.9,1,0–1%,9.955923324234137
ADV calibrated,Parent orders,12.9,2,1–5%,72.97363816701586
ADV calibrated,Parent orders,12.9,3,5–10%,3.596156866400481
ADV calibrated,Parent orders,12.9,4,10–25%,8.539645832378906
ADV calibrated,Parent orders,12.9,5,25–50%,2.760484964484928
ADV calibrated,Parent orders,12.9,6,50–100%,1.584423994069109
ADV calibrated,Parent orders,12.9,7,>100%,0.589726851416581
ADV calibrated,Traded dollars,13,1,0–1%,1.392563425599006
ADV calibrated,Traded dollars,13,2,1–5%,27.962668063360923
ADV calibrated,Traded dollars,13,3,5–10%,4.452950820349234
ADV calibrated,Traded dollars,13,4,10–25%,25.185184882633955
ADV calibrated,Traded dollars,13,5,25–50%,16.063251671823913
ADV calibrated,Traded dollars,13,6,50–100%,14.843037720544503
ADV calibrated,Traded dollars,13,7,>100%,10.100343415688465
ADV calibrated,Parent orders,13,1,0–1%,9.955923324234137
ADV calibrated,Parent orders,13,2,1–5%,72.97363816701586
ADV calibrated,Parent orders,13,3,5–10%,2.900530969968283
ADV calibrated,Parent orders,13,4,10–25%,9.235271728811107
ADV calibrated,Parent orders,13,5,25–50%,2.760484964484928
ADV calibrated,Parent orders,13,6,50–100%,1.584423994069109
ADV calibrated,Parent orders,13,7,>100%,0.589726851416581
ADV calibrated,Traded dollars,13.1,1,0–1%,1.3925634255990065
ADV calibrated,Traded dollars,13.1,2,1–5%,27.962668063360933
ADV calibrated,Traded dollars,13.1,3,5–10%,4.452950820349235
ADV calibrated,Traded dollars,13.1,4,10–25%,25.185184882633937
ADV calibrated,Traded dollars,13.1,5,25–50%,16.06325167182391
ADV calibrated,Traded dollars,13.1,6,50–100%,14.843037720544514
ADV calibrated,Traded dollars,13.1,7,>100%,10.100343415688462
ADV calibrated,Parent orders,13.1,1,0–1%,9.955923324234137
ADV calibrated,Parent orders,13.1,2,1–5%,72.97363816701586
ADV calibrated,Parent orders,13.1,3,5–10%,2.900530969968283
ADV calibrated,Parent orders,13.1,4,10–25%,9.235271728811107
ADV calibrated,Parent orders,13.1,5,25–50%,2.760484964484928
ADV calibrated,Parent orders,13.1,6,50–100%,1.584423994069109
ADV calibrated,Parent orders,13.1,7,>100%,0.589726851416581
ADV calibrated,Traded dollars,13.2,1,0–1%,1.3925634255990056
ADV calibrated,Traded dollars,13.2,2,1–5%,27.96266806336092
ADV calibrated,Traded dollars,13.2,3,5–10%,4.452950820349233
ADV calibrated,Traded dollars,13.2,4,10–25%,25.185184882633962
ADV calibrated,Traded dollars,13.2,5,25–50%,16.06325167182391
ADV calibrated,Traded dollars,13.2,6,50–100%,14.414357075246674
ADV calibrated,Traded dollars,13.2,7,>100%,10.5290240609863
ADV calibrated,Parent orders,13.2,1,0–1%,9.955923324234137
ADV calibrated,Parent orders,13.2,2,1–5%,72.97363816701585
ADV calibrated,Parent orders,13.2,3,5–10%,2.9005309699682824
ADV calibrated,Parent orders,13.2,4,10–25%,9.235271728811105
ADV calibrated,Parent orders,13.2,5,25–50%,2.7604849644849274
ADV calibrated,Parent orders,13.2,6,50–100%,1.5562311750428486
ADV calibrated,Parent orders,13.2,7,>100%,0.6179196704428418
ADV calibrated,Traded dollars,13.3,1,0–1%,1.392563425599007
ADV calibrated,Traded dollars,13.3,2,1–5%,27.962668063360933
ADV calibrated,Traded dollars,13.3,3,5–10%,4.452950820349237
ADV calibrated,Traded dollars,13.3,4,10–25%,24.26073105408916
ADV calibrated,Traded dollars,13.3,5,25–50%,16.98770550036872
ADV calibrated,Traded dollars,13.3,6,50–100%,14.41435707524669
ADV calibrated,Traded dollars,13.3,7,>100%,10.529024060986258
ADV calibrated,Parent orders,13.3,1,0–1%,9.955923324234137
ADV calibrated,Parent orders,13.3,2,1–5%,72.97363816701585
ADV calibrated,Parent orders,13.3,3,5–10%,2.9005309699682824
ADV calibrated,Parent orders,13.3,4,10–25%,9.038001103628497
ADV calibrated,Parent orders,13.3,5,25–50%,2.9577555896675385
ADV calibrated,Parent orders,13.3,6,50–100%,1.5562311750428486
ADV calibrated,Parent orders,13.3,7,>100%,0.6179196704428418
ADV calibrated,Traded dollars,13.4,1,0–1%,1.3925634255990065
ADV calibrated,Traded dollars,13.4,2,1–5%,27.962668063360937
ADV calibrated,Traded dollars,13.4,3,5–10%,4.452950820349236
ADV calibrated,Traded dollars,13.4,4,10–25%,24.26073105408916
ADV calibrated,Traded dollars,13.4,5,25–50%,16.987705500368723
ADV calibrated,Traded dollars,13.4,6,50–100%,14.414357075246686
ADV calibrated,Traded dollars,13.4,7,>100%,10.529024060986243
ADV calibrated,Parent orders,13.4,1,0–1%,9.955923324234137
ADV calibrated,Parent orders,13.4,2,1–5%,72.97363816701585
ADV calibrated,Parent orders,13.4,3,5–10%,2.9005309699682824
ADV calibrated,Parent orders,13.4,4,10–25%,9.038001103628497
ADV calibrated,Parent orders,13.4,5,25–50%,2.9577555896675385
ADV calibrated,Parent orders,13.4,6,50–100%,1.5562311750428486
ADV calibrated,Parent orders,13.4,7,>100%,0.6179196704428418
ADV calibrated,Traded dollars,13.5,1,0–1%,1.3925634255990067
ADV calibrated,Traded dollars,13.5,2,1–5%,27.962668063360944
ADV calibrated,Traded dollars,13.5,3,5–10%,4.452950820349236
ADV calibrated,Traded dollars,13.5,4,10–25%,24.26073105408915
ADV calibrated,Traded dollars,13.5,5,25–50%,16.987705500368705
ADV calibrated,Traded dollars,13.5,6,50–100%,14.414357075246684
ADV calibrated,Traded dollars,13.5,7,>100%,10.529024060986279
ADV calibrated,Parent orders,13.5,1,0–1%,9.955923324234137
ADV calibrated,Parent orders,13.5,2,1–5%,72.97363816701585
ADV calibrated,Parent orders,13.5,3,5–10%,2.9005309699682824
ADV calibrated,Parent orders,13.5,4,10–25%,9.038001103628497
ADV calibrated,Parent orders,13.5,5,25–50%,2.9577555896675385
ADV calibrated,Parent orders,13.5,6,50–100%,1.5562311750428486
ADV calibrated,Parent orders,13.5,7,>100%,0.6179196704428418
ADV calibrated,Traded dollars,13.6,1,0–1%,1.3925634255990067
ADV calibrated,Traded dollars,13.6,2,1–5%,27.962668063360933
ADV calibrated,Traded dollars,13.6,3,5–10%,4.452950820349235
ADV calibrated,Traded dollars,13.6,4,10–25%,24.260731054089174
ADV calibrated,Traded dollars,13.6,5,25–50%,16.98770550036872
ADV calibrated,Traded dollars,13.6,6,50–100%,14.414357075246679
ADV calibrated,Traded dollars,13.6,7,>100%,10.529024060986252
ADV calibrated,Parent orders,13.6,1,0–1%,9.955923324234137
ADV calibrated,Parent orders,13.6,2,1–5%,72.97363816701585
ADV calibrated,Parent orders,13.6,3,5–10%,2.9005309699682824
ADV calibrated,Parent orders,13.6,4,10–25%,9.038001103628497
ADV calibrated,Parent orders,13.6,5,25–50%,2.9577555896675385
ADV calibrated,Parent orders,13.6,6,50–100%,1.5562311750428486
ADV calibrated,Parent orders,13.6,7,>100%,0.6179196704428418
ADV calibrated,Traded dollars,13.7,1,0–1%,1.3925634255990063
ADV calibrated,Traded dollars,13.7,2,1–5%,27.962668063360933
ADV calibrated,Traded dollars,13.7,3,5–10%,4.452950820349235
ADV calibrated,Traded dollars,13.7,4,10–25%,24.260731054089142
ADV calibrated,Traded dollars,13.7,5,25–50%,16.987705500368712
ADV calibrated,Traded dollars,13.7,6,50–100%,14.414357075246683
ADV calibrated,Traded dollars,13.7,7,>100%,10.529024060986277
ADV calibrated,Parent orders,13.7,1,0–1%,9.955923324234137
ADV calibrated,Parent orders,13.7,2,1–5%,72.97363816701585
ADV calibrated,Parent orders,13.7,3,5–10%,2.9005309699682824
ADV calibrated,Parent orders,13.7,4,10–25%,9.038001103628497
ADV calibrated,Parent orders,13.7,5,25–50%,2.9577555896675385
ADV calibrated,Parent orders,13.7,6,50–100%,1.5562311750428486
ADV calibrated,Parent orders,13.7,7,>100%,0.6179196704428418
ADV calibrated,Traded dollars,13.8,1,0–1%,1.3925634255990054
ADV calibrated,Traded dollars,13.8,2,1–5%,27.96266806336094
ADV calibrated,Traded dollars,13.8,3,5–10%,4.4529508203492325
ADV calibrated,Traded dollars,13.8,4,10–25%,24.26073105408914
ADV calibrated,Traded dollars,13.8,5,25–50%,16.211122252191178
ADV calibrated,Traded dollars,13.8,6,50–100%,15.190940323424217
ADV calibrated,Traded dollars,13.8,7,>100%,10.529024060986288
ADV calibrated,Parent orders,13.8,1,0–1%,9.955923324234137
ADV calibrated,Parent orders,13.8,2,1–5%,72.97363816701586
ADV calibrated,Parent orders,13.8,3,5–10%,2.900530969968283
ADV calibrated,Parent orders,13.8,4,10–25%,9.038001103628499
ADV calibrated,Parent orders,13.8,5,25–50%,2.8554077077526427
ADV calibrated,Parent orders,13.8,6,50–100%,1.6585790569577454
ADV calibrated,Parent orders,13.8,7,>100%,0.6179196704428418
ADV calibrated,Traded dollars,13.9,1,0–1%,1.3925634255990065
ADV calibrated,Traded dollars,13.9,2,1–5%,27.962668063360947
ADV calibrated,Traded dollars,13.9,3,5–10%,4.452950820349238
ADV calibrated,Traded dollars,13.9,4,10–25%,24.26073105408915
ADV calibrated,Traded dollars,13.9,5,25–50%,16.21112225219117
ADV calibrated,Traded dollars,13.9,6,50–100%,13.830842960106574
ADV calibrated,Traded dollars,13.9,7,>100%,11.889121424303916
ADV calibrated,Parent orders,13.9,1,0–1%,9.955923324234139
ADV calibrated,Parent orders,13.9,2,1–5%,72.97363816701586
ADV calibrated,Parent orders,13.9,3,5–10%,2.9005309699682833
ADV calibrated,Parent orders,13.9,4,10–25%,9.038001103628499
ADV calibrated,Parent orders,13.9,5,25–50%,2.8554077077526427
ADV calibrated,Parent orders,13.9,6,50–100%,1.526120547345111
ADV calibrated,Parent orders,13.9,7,>100%,0.7503781800554754
ADV calibrated,Traded dollars,14,1,0–1%,1.392563425599006
ADV calibrated,Traded dollars,14,2,1–5%,27.96266806336094
ADV calibrated,Traded dollars,14,3,5–10%,4.452950820349236
ADV calibrated,Traded dollars,14,4,10–25%,23.39109848130169
ADV calibrated,Traded dollars,14,5,25–50%,17.080754824978648
ADV calibrated,Traded dollars,14,6,50–100%,13.830842960106565
ADV calibrated,Traded dollars,14,7,>100%,11.889121424303909
ADV calibrated,Parent orders,14,1,0–1%,9.955923324234139
ADV calibrated,Parent orders,14,2,1–5%,72.97363816701586
ADV calibrated,Parent orders,14,3,5–10%,2.9005309699682833
ADV calibrated,Parent orders,14,4,10–25%,8.84564652890244
ADV calibrated,Parent orders,14,5,25–50%,3.047762282478701
ADV calibrated,Parent orders,14,6,50–100%,1.526120547345111
ADV calibrated,Parent orders,14,7,>100%,0.7503781800554754
ADV calibrated,Traded dollars,14.1,1,0–1%,1.3925634255990067
ADV calibrated,Traded dollars,14.1,2,1–5%,27.96266806336096
ADV calibrated,Traded dollars,14.1,3,5–10%,4.452950820349239
ADV calibrated,Traded dollars,14.1,4,10–25%,23.391098481301665
ADV calibrated,Traded dollars,14.1,5,25–50%,17.080754824978666
ADV calibrated,Traded dollars,14.1,6,50–100%,13.83084296010657
ADV calibrated,Traded dollars,14.1,7,>100%,11.889121424303909
ADV calibrated,Parent orders,14.1,1,0–1%,9.955923324234139
ADV calibrated,Parent orders,14.1,2,1–5%,72.97363816701586
ADV calibrated,Parent orders,14.1,3,5–10%,2.9005309699682833
ADV calibrated,Parent orders,14.1,4,10–25%,8.84564652890244
ADV calibrated,Parent orders,14.1,5,25–50%,3.047762282478701
ADV calibrated,Parent orders,14.1,6,50–100%,1.526120547345111
ADV calibrated,Parent orders,14.1,7,>100%,0.7503781800554754
ADV calibrated,Traded dollars,14.2,1,0–1%,1.3925634255990067
ADV calibrated,Traded dollars,14.2,2,1–5%,27.96266806336095
ADV calibrated,Traded dollars,14.2,3,5–10%,4.452950820349236
ADV calibrated,Traded dollars,14.2,4,10–25%,23.39109848130169
ADV calibrated,Traded dollars,14.2,5,25–50%,17.08075482497865
ADV calibrated,Traded dollars,14.2,6,50–100%,13.830842960106574
ADV calibrated,Traded dollars,14.2,7,>100%,11.889121424303912
ADV calibrated,Parent orders,14.2,1,0–1%,9.955923324234139
ADV calibrated,Parent orders,14.2,2,1–5%,72.97363816701586
ADV calibrated,Parent orders,14.2,3,5–10%,2.9005309699682833
ADV calibrated,Parent orders,14.2,4,10–25%,8.84564652890244
ADV calibrated,Parent orders,14.2,5,25–50%,3.047762282478701
ADV calibrated,Parent orders,14.2,6,50–100%,1.526120547345111
ADV calibrated,Parent orders,14.2,7,>100%,0.7503781800554754
ADV calibrated,Traded dollars,14.3,1,0–1%,1.3925634255990074
ADV calibrated,Traded dollars,14.3,2,1–5%,27.962668063360947
ADV calibrated,Traded dollars,14.3,3,5–10%,4.4529508203492405
ADV calibrated,Traded dollars,14.3,4,10–25%,23.391098481301658
ADV calibrated,Traded dollars,14.3,5,25–50%,17.080754824978662
ADV calibrated,Traded dollars,14.3,6,50–100%,13.830842960106578
ADV calibrated,Traded dollars,14.3,7,>100%,11.889121424303905
ADV calibrated,Parent orders,14.3,1,0–1%,9.955923324234139
ADV calibrated,Parent orders,14.3,2,1–5%,72.97363816701586
ADV calibrated,Parent orders,14.3,3,5–10%,2.9005309699682833
ADV calibrated,Parent orders,14.3,4,10–25%,8.84564652890244
ADV calibrated,Parent orders,14.3,5,25–50%,3.047762282478701
ADV calibrated,Parent orders,14.3,6,50–100%,1.526120547345111
ADV calibrated,Parent orders,14.3,7,>100%,0.7503781800554754
ADV calibrated,Traded dollars,14.4,1,0–1%,1.3925634255990074
ADV calibrated,Traded dollars,14.4,2,1–5%,27.962668063360965
ADV calibrated,Traded dollars,14.4,3,5–10%,3.2564975832395993
ADV calibrated,Traded dollars,14.4,4,10–25%,24.58755171841129
ADV calibrated,Traded dollars,14.4,5,25–50%,17.080754824978673
ADV calibrated,Traded dollars,14.4,6,50–100%,13.830842960106573
ADV calibrated,Traded dollars,14.4,7,>100%,11.889121424303893
ADV calibrated,Parent orders,14.4,1,0–1%,9.955923324234139
ADV calibrated,Parent orders,14.4,2,1–5%,72.97363816701586
ADV calibrated,Parent orders,14.4,3,5–10%,2.2397446993798167
ADV calibrated,Parent orders,14.4,4,10–25%,9.506432799490904
ADV calibrated,Parent orders,14.4,5,25–50%,3.047762282478701
ADV calibrated,Parent orders,14.4,6,50–100%,1.526120547345111
ADV calibrated,Parent orders,14.4,7,>100%,0.7503781800554754
ADV calibrated,Traded dollars,14.5,1,0–1%,1.3925634255990067
ADV calibrated,Traded dollars,14.5,2,1–5%,27.962668063360915
ADV calibrated,Traded dollars,14.5,3,5–10%,3.2564975832395984
ADV calibrated,Traded dollars,14.5,4,10–25%,24.587551718411323
ADV calibrated,Traded dollars,14.5,5,25–50%,17.08075482497864
ADV calibrated,Traded dollars,14.5,6,50–100%,12.508606125644095
ADV calibrated,Traded dollars,14.5,7,>100%,13.211358258766424
ADV calibrated,Parent orders,14.5,1,0–1%,9.955923324234139
ADV calibrated,Parent orders,14.5,2,1–5%,72.97363816701586
ADV calibrated,Parent orders,14.5,3,5–10%,2.2397446993798167
ADV calibrated,Parent orders,14.5,4,10–25%,9.506432799490904
ADV calibrated,Parent orders,14.5,5,25–50%,3.047762282478701
ADV calibrated,Parent orders,14.5,6,50–100%,1.395567349250538
ADV calibrated,Parent orders,14.5,7,>100%,0.8809313781500483
ADV calibrated,Traded dollars,14.6,1,0–1%,1.3925634255990063
ADV calibrated,Traded dollars,14.6,2,1–5%,27.962668063360933
ADV calibrated,Traded dollars,14.6,3,5–10%,3.2564975832395975
ADV calibrated,Traded dollars,14.6,4,10–25%,24.587551718411326
ADV calibrated,Traded dollars,14.6,5,25–50%,17.08075482497866
ADV calibrated,Traded dollars,14.6,6,50–100%,12.508606125644091
ADV calibrated,Traded dollars,14.6,7,>100%,13.21135825876639
ADV calibrated,Parent orders,14.6,1,0–1%,9.955923324234139
ADV calibrated,Parent orders,14.6,2,1–5%,72.97363816701586
ADV calibrated,Parent orders,14.6,3,5–10%,2.2397446993798167
ADV calibrated,Parent orders,14.6,4,10–25%,9.506432799490904
ADV calibrated,Parent orders,14.6,5,25–50%,3.047762282478701
ADV calibrated,Parent orders,14.6,6,50–100%,1.395567349250538
ADV calibrated,Parent orders,14.6,7,>100%,0.8809313781500483
ADV calibrated,Traded dollars,14.7,1,0–1%,1.3925634255990065
ADV calibrated,Traded dollars,14.7,2,1–5%,27.962668063360912
ADV calibrated,Traded dollars,14.7,3,5–10%,3.256497583239598
ADV calibrated,Traded dollars,14.7,4,10–25%,24.587551718411344
ADV calibrated,Traded dollars,14.7,5,25–50%,17.080754824978648
ADV calibrated,Traded dollars,14.7,6,50–100%,12.50860612564409
ADV calibrated,Traded dollars,14.7,7,>100%,13.2113582587664
ADV calibrated,Parent orders,14.7,1,0–1%,9.955923324234139
ADV calibrated,Parent orders,14.7,2,1–5%,72.97363816701586
ADV calibrated,Parent orders,14.7,3,5–10%,2.2397446993798167
ADV calibrated,Parent orders,14.7,4,10–25%,9.506432799490904
ADV calibrated,Parent orders,14.7,5,25–50%,3.047762282478701
ADV calibrated,Parent orders,14.7,6,50–100%,1.395567349250538
ADV calibrated,Parent orders,14.7,7,>100%,0.8809313781500483
ADV calibrated,Traded dollars,14.8,1,0–1%,1.3925634255990058
ADV calibrated,Traded dollars,14.8,2,1–5%,27.96266806336095
ADV calibrated,Traded dollars,14.8,3,5–10%,3.256497583239596
ADV calibrated,Traded dollars,14.8,4,10–25%,23.772359768938045
ADV calibrated,Traded dollars,14.8,5,25–50%,17.89594677445192
ADV calibrated,Traded dollars,14.8,6,50–100%,12.508606125644087
ADV calibrated,Traded dollars,14.8,7,>100%,13.211358258766396
ADV calibrated,Parent orders,14.8,1,0–1%,9.955923324234139
ADV calibrated,Parent orders,14.8,2,1–5%,72.97363816701586
ADV calibrated,Parent orders,14.8,3,5–10%,2.2397446993798167
ADV calibrated,Parent orders,14.8,4,10–25%,9.319144650625148
ADV calibrated,Parent orders,14.8,5,25–50%,3.2350504313444515
ADV calibrated,Parent orders,14.8,6,50–100%,1.395567349250538
ADV calibrated,Parent orders,14.8,7,>100%,0.8809313781500483
ADV calibrated,Traded dollars,14.9,1,0–1%,1.392563425599006
ADV calibrated,Traded dollars,14.9,2,1–5%,27.96266806336093
ADV calibrated,Traded dollars,14.9,3,5–10%,3.2564975832395966
ADV calibrated,Traded dollars,14.9,4,10–25%,23.77235976893803
ADV calibrated,Traded dollars,14.9,5,25–50%,17.89594677445194
ADV calibrated,Traded dollars,14.9,6,50–100%,12.508606125644091
ADV calibrated,Traded dollars,14.9,7,>100%,13.211358258766406
ADV calibrated,Parent orders,14.9,1,0–1%,9.955923324234139
ADV calibrated,Parent orders,14.9,2,1–5%,72.97363816701586
ADV calibrated,Parent orders,14.9,3,5–10%,2.2397446993798167
ADV calibrated,Parent orders,14.9,4,10–25%,9.319144650625148
ADV calibrated,Parent orders,14.9,5,25–50%,3.2350504313444515
ADV calibrated,Parent orders,14.9,6,50–100%,1.395567349250538
ADV calibrated,Parent orders,14.9,7,>100%,0.8809313781500483
ADV calibrated,Traded dollars,15,1,0–1%,1.3925634255990063
ADV calibrated,Traded dollars,15,2,1–5%,27.962668063360955
ADV calibrated,Traded dollars,15,3,5–10%,3.2564975832395953
ADV calibrated,Traded dollars,15,4,10–25%,23.77235976893806
ADV calibrated,Traded dollars,15,5,25–50%,17.17450860880038
ADV calibrated,Traded dollars,15,6,50–100%,13.230044291295636
ADV calibrated,Traded dollars,15,7,>100%,13.211358258766369
ADV calibrated,Parent orders,15,1,0–1%,9.955923324234139
ADV calibrated,Parent orders,15,2,1–5%,72.97363816701586
ADV calibrated,Parent orders,15,3,5–10%,2.2397446993798167
ADV calibrated,Parent orders,15,4,10–25%,9.319144650625148
ADV calibrated,Parent orders,15,5,25–50%,3.1358042255932155
ADV calibrated,Parent orders,15,6,50–100%,1.4948135550017767
ADV calibrated,Parent orders,15,7,>100%,0.8809313781500483
Burr notional,Traded dollars,0.1,1,0–1%,86.03798738960565
Burr notional,Traded dollars,0.1,2,1–5%,13.307183434594632
Burr notional,Traded dollars,0.1,3,5–10%,0.5911791537861981
Burr notional,Traded dollars,0.1,4,10–25%,0.06289269506959952
Burr notional,Traded dollars,0.1,5,25–50%,0.0007493275116479397
Burr notional,Traded dollars,0.1,6,50–100%,0.000007971113864134801
Burr notional,Traded dollars,0.1,7,>100%,2.831841059610954e-8
Burr notional,Traded dollars,0.2,1,0–1%,74.85476513683071
Burr notional,Traded dollars,0.2,2,1–5%,22.392885542812643
Burr notional,Traded dollars,0.2,3,5–10%,2.267997101621154
Burr notional,Traded dollars,0.2,4,10–25%,0.46849003365831726
Burr notional,Traded dollars,0.2,5,25–50%,0.015452212999997512
Burr notional,Traded dollars,0.2,6,50–100%,0.00040629388960610076
Burr notional,Traded dollars,0.2,7,>100%,0.0000036781875788626512
Burr notional,Traded dollars,0.3,1,0–1%,67.35946179821077
Burr notional,Traded dollars,0.3,2,1–5%,27.34847064187064
Burr notional,Traded dollars,0.3,3,5–10%,4.050175845474346
Burr notional,Traded dollars,0.3,4,10–25%,1.1737042190198117
Burr notional,Traded dollars,0.3,5,25–50%,0.06532287586031688
Burr notional,Traded dollars,0.3,6,50–100%,0.0028206800596093386
Burr notional,Traded dollars,0.3,7,>100%,0.00004393950449640528
Burr notional,Traded dollars,0.4,1,0–1%,61.877867006671316
Burr notional,Traded dollars,0.4,2,1–5%,30.272370457298603
Burr notional,Traded dollars,0.4,3,5–10%,5.646003276745497
Burr notional,Traded dollars,0.4,4,10–25%,2.035295000458715
Burr notional,Traded dollars,0.4,5,25–50%,0.15869611473258521
Burr notional,Traded dollars,0.4,6,50–100%,0.009551465805526873
Burr notional,Traded dollars,0.4,7,>100%,0.0002166782877574917
Burr notional,Traded dollars,0.5,1,0–1%,57.627622558563004
Burr notional,Traded dollars,0.5,2,1–5%,32.08152675557816
Burr notional,Traded dollars,0.5,3,5–10%,7.01492151635183
Burr notional,Traded dollars,0.5,4,10–25%,2.9587413574182517
Burr notional,Traded dollars,0.5,5,25–50%,0.2939082600247585
Burr notional,Traded dollars,0.5,6,50–100%,0.022598482054997565
Burr notional,Traded dollars,0.5,7,>100%,0.0006810700089924955
Burr notional,Traded dollars,0.6,1,0–1%,54.1972361295366
Burr notional,Traded dollars,0.6,2,1–5%,33.225415245465975
Burr notional,Traded dollars,0.6,3,5–10%,8.176759869672006
Burr notional,Traded dollars,0.6,4,10–25%,3.890410021397445
Burr notional,Traded dollars,0.6,5,25–50%,0.4652226920237484
Burr notional,Traded dollars,0.6,6,50–100%,0.0433188623793765
Burr notional,Traded dollars,0.6,7,>100%,0.0016371795248553438
Burr notional,Traded dollars,0.7,1,0–1%,51.34690568786926
Burr notional,Traded dollars,0.7,2,1–5%,33.94761942981535
Burr notional,Traded dollars,0.7,3,5–10%,9.16262552420511
Burr notional,Traded dollars,0.7,4,10–25%,4.8011535562477015
Burr notional,Traded dollars,0.7,5,25–50%,0.6659437869403966
Burr notional,Traded dollars,0.7,6,50–100%,0.07245088507317449
Burr notional,Traded dollars,0.7,7,>100%,0.003301129849006365
Burr notional,Traded dollars,0.8,1,0–1%,48.925840506044274
Burr notional,Traded dollars,0.8,2,1–5%,34.39046133056816
Burr notional,Traded dollars,0.8,3,5–10%,10.002053684258462
Burr notional,Traded dollars,0.8,4,10–25%,5.675785355905111
Burr notional,Traded dollars,0.8,5,25–50%,0.8897249214525949
Burr notional,Traded dollars,0.8,6,50–100%,0.1102481136623418
Burr notional,Traded dollars,0.8,7,>100%,0.0058860881090632535
Burr notional,Traded dollars,0.9,1,0–1%,46.833609734651425
Burr notional,Traded dollars,0.9,2,1–5%,34.64199860603486
Burr notional,Traded dollars,0.9,3,5–10%,10.720108047166384
Burr notional,Traded dollars,0.9,4,10–25%,6.507050837331385
Burr notional,Traded dollars,0.9,5,25–50%,1.1310229942136183
Burr notional,Traded dollars,0.9,6,50–100%,0.15661970032364236
Burr notional,Traded dollars,0.9,7,>100%,0.00959008027868283
Burr notional,Traded dollars,1,1,0–1%,45.00026025912784
Burr notional,Traded dollars,1,2,1–5%,34.759205466893775
Burr notional,Traded dollars,1,3,5–10%,11.337300706121955
Burr notional,Traded dollars,1,4,10–25%,7.292213998067662
Burr notional,Traded dollars,1,5,25–50%,1.3851844647570144
Burr notional,Traded dollars,1,6,50–100%,0.2112458086247291
Burr notional,Traded dollars,1,7,>100%,0.014589296407017071
Burr notional,Traded dollars,1.1,1,0–1%,43.37529101484486
Burr notional,Traded dollars,1.1,2,1–5%,34.78028464732812
Burr notional,Traded dollars,1.1,3,5–10%,11.870235997834188
Burr notional,Traded dollars,1.1,4,10–25%,8.031104034152692
Burr notional,Traded dollars,1.1,5,25–50%,1.6483849727354636
Burr notional,Traded dollars,1.1,6,50–100%,0.2736641098446442
Burr notional,Traded dollars,1.1,7,>100%,0.021035223260024428
Burr notional,Traded dollars,1.2,1,0–1%,41.92116039378646
Burr notional,Traded dollars,1.2,2,1–5%,34.73160674574389
Burr notional,Traded dollars,1.2,3,5–10%,12.332345365053554
Burr notional,Traded dollars,1.2,4,10–25%,8.724981202842901
Burr notional,Traded dollars,1.2,5,25–50%,1.9175204980238665
Burr notional,Traded dollars,1.2,6,50–100%,0.34333156387470787
Burr notional,Traded dollars,1.2,7,>100%,0.029054230674620936
Burr notional,Traded dollars,1.3,1,0–1%,40.60927142837517
Burr notional,Traded dollars,1.3,2,1–5%,34.631816058705546
Burr notional,Traded dollars,1.3,3,5–10%,12.734534794910982
Burr notional,Traded dollars,1.3,4,10–25%,9.375870213031176
Burr notional,Traded dollars,1.3,5,25–50%,2.1900916802824493
Burr notional,Traded dollars,1.3,6,50–100%,0.4196672030035208
Burr notional,Traded dollars,1.3,7,>100%,0.03874862169115968
Burr notional,Traded dollars,1.4,1,0–1%,39.41738640025947
Burr notional,Traded dollars,1.4,2,1–5%,34.49436006149439
Burr notional,Traded dollars,1.4,3,5–10%,13.085710885938283
Burr notional,Traded dollars,1.4,4,10–25%,9.986165518088585
Burr notional,Traded dollars,1.4,5,25–50%,2.4640976442442355
Burr notional,Traded dollars,1.4,6,50–100%,0.5020810097818035
Burr notional,Traded dollars,1.4,7,>100%,0.05019848019323257
Burr notional,Traded dollars,1.5,1,0–1%,38.32790406693537
Burr notional,Traded dollars,1.5,2,1–5%,34.32910182286999
Burr notional,Traded dollars,1.5,3,5–10%,13.393195313610256
Burr notional,Traded dollars,1.5,4,10–25%,10.55839752121132
Burr notional,Traded dollars,1.5,5,25–50%,2.7379445086301977
Burr notional,Traded dollars,1.5,6,50–100%,0.5899928794814678
Burr notional,Traded dollars,1.5,7,>100%,0.06346388726139883
Burr notional,Traded dollars,1.6,1,0–1%,37.326677692496645
Burr notional,Traded dollars,1.6,2,1–5%,34.143378261884195
Burr notional,Traded dollars,1.6,3,5–10%,13.66304777651589
Burr notional,Traded dollars,1.6,4,10–25%,11.095095404136018
Burr notional,Traded dollars,1.6,5,25–50%,3.010368997802225
Burr notional,Traded dollars,1.6,6,50–100%,0.6828446263563385
Burr notional,Traded dollars,1.6,7,>100%,0.07858724080868731
Burr notional,Traded dollars,1.7,1,0–1%,36.40218340256981
Burr notional,Traded dollars,1.7,2,1–5%,33.942712437487174
Burr notional,Traded dollars,1.7,3,5–10%,13.90031713711471
Burr notional,Traded dollars,1.7,4,10–25%,11.598708610900616
Burr notional,Traded dollars,1.7,5,25–50%,3.280375722372656
Burr notional,Traded dollars,1.7,6,50–100%,0.7801071681740243
Burr notional,Traded dollars,1.7,7,>100%,0.09559552138100753
Burr notional,Traded dollars,1.8,1,0–1%,35.544922004975035
Burr notional,Traded dollars,1.8,2,1–5%,33.73130363956222
Burr notional,Traded dollars,1.8,3,5–10%,14.109237220653831
Burr notional,Traded dollars,1.8,4,10–25%,12.07156417298867
Burr notional,Traded dollars,1.8,5,25–50%,3.547186139065565
Burr notional,Traded dollars,1.8,6,50–100%,0.8812844057484278
Burr notional,Traded dollars,1.8,7,>100%,0.11450241700625402
Burr notional,Traded dollars,1.9,1,0–1%,34.74698031265443
Burr notional,Traded dollars,1.9,2,1–5%,33.51237118407381
Burr notional,Traded dollars,1.9,3,5–10%,14.293380209492785
Burr notional,Traded dollars,1.9,4,10–25%,12.515845964956238
Burr notional,Traded dollars,1.9,5,25–50%,3.8101971986748238
Burr notional,Traded dollars,1.9,6,50–100%,0.9859148659374756
Burr notional,Traded dollars,1.9,7,>100%,0.13531026421044015
Burr notional,Traded dollars,2,1,0–1%,34.001703854898516
Burr notional,Traded dollars,2,2,1–5%,33.288399750376
Burr notional,Traded dollars,2,3,5–10%,14.455777539584567
Burr notional,Traded dollars,2,4,10–25%,12.933587306249272
Burr notional,Traded dollars,2,5,25–50%,4.068947902764392
Burr notional,Traded dollars,2,6,50–100%,1.0935718565407453
Burr notional,Traded dollars,2,7,>100%,0.1580117895865079
Burr notional,Traded dollars,2.1,1,0–1%,33.30344890987642
Burr notional,Traded dollars,2.1,2,1–5%,33.06131715007391
Burr notional,Traded dollars,2.1,3,5–10%,14.599015807159239
Burr notional,Traded dollars,2.1,4,10–25%,13.3266715641881
Burr notional,Traded dollars,2.1,5,25–50%,4.32309226116236
Burr notional,Traded dollars,2.1,6,50–100%,1.2038626549773703
Burr notional,Traded dollars,2.1,7,>100%,0.18259165256260007
Burr notional,Traded dollars,2.2,1,0–1%,32.64739201920823
Burr notional,Traded dollars,2.2,2,1–5%,32.83262490876027
Burr notional,Traded dollars,2.2,3,5–10%,14.725313361146835
Burr notional,Traded dollars,2.2,4,10–25%,13.696837411126372
Burr notional,Traded dollars,2.2,5,25–50%,4.572377407593501
Burr notional,Traded dollars,2.2,6,50–100%,1.3164270929323594
Burr notional,Traded dollars,2.2,7,>100%,0.20902779923242812
Burr notional,Traded dollars,2.3,1,0–1%,32.029381819436644
Burr notional,Traded dollars,2.3,2,1–5%,32.60349537204781
Burr notional,Traded dollars,2.3,3,5–10%,14.836581878527639
Burr notional,Traded dollars,2.3,4,10–25%,14.045686636136795
Burr notional,Traded dollars,2.3,5,25–50%,4.8166258651327105
Burr notional,Traded dollars,2.3,6,50–100%,1.4309357868374937
Burr notional,Traded dollars,2.3,7,>100%,0.23729264188091212
Burr notional,Traded dollars,2.4,1,0–1%,31.445822473661977
Burr notional,Traded dollars,2.4,2,1–5%,32.37484472316209
Burr notional,Traded dollars,2.4,3,5–10%,14.934476188973456
Burr notional,Traded dollars,2.4,4,10–25%,14.37469319797878
Burr notional,Traded dollars,2.4,5,25–50%,5.055721150225004
Burr notional,Traded dollars,2.4,6,50–100%,1.5470881851433782
Burr notional,Traded dollars,2.4,7,>100%,0.267354080855317
Burr notional,Traded dollars,2.5,1,0–1%,30.8935810088547
Burr notional,Traded dollars,2.5,2,1–5%,32.14738844181319
Burr notional,Traded dollars,2.5,3,5–10%,15.02043484455532
Burr notional,Traded dollars,2.5,4,10–25%,14.685212705644126
Burr notional,Traded dollars,2.5,5,25–50%,5.289596065386169
Burr notional,Traded dollars,2.5,6,50–100%,1.6646105479583622
Burr notional,Traded dollars,2.5,7,>100%,0.29917638578813394
Burr notional,Traded dollars,2.6,1,0–1%,30.369912953706578
Burr notional,Traded dollars,2.6,2,1–5%,31.921683812573725
Burr notional,Traded dollars,2.6,3,5–10%,15.095713352773268
Burr notional,Traded dollars,2.6,4,10–25%,14.978491831684277
Burr notional,Traded dollars,2.6,5,25–50%,5.518223160871336
Burr notional,Traded dollars,2.6,6,50–100%,1.7832539358184203
Burr notional,Traded dollars,2.6,7,>100%,0.33272095257239553
Burr notional,Traded dollars,2.7,1,0–1%,29.872402139412745
Burr notional,Traded dollars,2.7,2,1–5%,31.69816277825406
Burr notional,Traded dollars,2.7,3,5–10%,15.161411556481887
Burr notional,Traded dollars,2.7,4,10–25%,15.255677367540644
Burr notional,Traded dollars,2.7,5,25–50%,5.741606949727833
Burr notional,Traded dollars,2.7,6,50–100%,1.9027922572165985
Burr notional,Traded dollars,2.7,7,>100%,0.3679469513662336
Burr notional,Traded dollars,2.8,1,0–1%,29.398911571656694
Burr notional,Traded dollars,2.8,2,1–5%,31.477157523777173
Burr notional,Traded dollars,2.8,3,5–10%,15.218496315394017
Burr notional,Traded dollars,2.8,4,10–25%,15.517824760433442
Burr notional,Traded dollars,2.8,5,25–50%,5.959777543579003
Burr notional,Traded dollars,2.8,6,50–100%,2.0230204056218852
Burr notional,Traded dollars,2.8,7,>100%,0.4048118795377861
Burr notional,Traded dollars,2.9,1,0–1%,28.947543037496025
Burr notional,Traded dollars,2.9,2,1–5%,31.258920536755312
Burr notional,Traded dollars,2.9,3,5–10%,15.267820393547407
Burr notional,Traded dollars,2.9,4,10–25%,15.765906054134831
Burr notional,Traded dollars,2.9,5,25–50%,6.172785442409916
Burr notional,Traded dollars,2.9,6,50–100%,2.143752503633368
Burr notional,Traded dollars,2.9,7,>100%,0.443272032023136
Burr notional,Traded dollars,3,1,0–1%,28.516603663262785
Burr notional,Traded dollars,3,2,1–5%,31.04364043626071
Burr notional,Traded dollars,3,3,5–10%,15.31013826547898
Burr notional,Traded dollars,3,4,10–25%,16.000817207880743
Burr notional,Traded dollars,3,5,25–50%,6.38069726401979
Burr notional,Traded dollars,3,6,50–100%,2.2648202629387404
Burr notional,Traded dollars,3,7,>100%,0.48328290015825165
Burr notional,Traded dollars,3.1,1,0–1%,28.10457804820129
Burr notional,Traded dollars,3.1,2,1–5%,30.831454534148683
Burr notional,Traded dollars,3.1,3,5–10%,15.346119406219222
Burr notional,Traded dollars,3.1,4,10–25%,16.223384799560638
Burr notional,Traded dollars,3.1,5,25–50%,6.583592240484632
Burr notional,Traded dollars,3.1,6,50–100%,2.386071462668805
Burr notional,Traded dollars,3.1,7,>100%,0.5247995087167301
Burr notional,Traded dollars,3.2,1,0–1%,27.710104904037113
Burr notional,Traded dollars,3.2,2,1–5%,30.6224588554321
Burr notional,Traded dollars,3.2,3,5–10%,15.376359515789767
Burr notional,Traded dollars,3.2,4,10–25%,16.43437213818665
Burr notional,Traded dollars,3.2,5,25–50%,6.781559342181753
Burr notional,Traded dollars,3.2,6,50–100%,2.5073685447065914
Burr notional,Traded dollars,3.2,7,>100%,0.5677766996660262
Burr notional,Traded dollars,3.3,1,0–1%,27.331957361302873
Burr notional,Traded dollars,3.3,2,1–5%,30.416716169545953
Burr notional,Traded dollars,3.3,3,5–10%,15.40139003965965
Burr notional,Traded dollars,3.3,4,10–25%,16.634484821077496
Burr notional,Traded dollars,3.3,5,25–50%,6.974694916443303
Burr notional,Traded dollars,3.3,6,50–100%,2.628587321914094
Burr notional,Traded dollars,3.3,7,>100%,0.6121693700566285
Burr notional,Traded dollars,3.4,1,0–1%,26.969026278993713
Burr notional,Traded dollars,3.4,2,1–5%,30.214262454902862
Burr notional,Traded dollars,3.4,3,5–10%,15.421686276628987
Burr notional,Traded dollars,3.4,4,10–25%,16.824375776213163
Burr notional,Traded dollars,3.4,5,25–50%,7.16310074912976
Burr notional,Traded dollars,3.4,6,50–100%,2.749615793650098
Burr notional,Traded dollars,3.4,7,>100%,0.657932670481416
Burr notional,Traded dollars,3.5,1,0–1%,26.62030602921035
Burr notional,Traded dollars,3.5,2,1–5%,30.01511212238825
Burr notional,Traded dollars,3.5,3,5–10%,15.437674310398819
Burr notional,Traded dollars,3.5,4,10–25%,17.004649831812618
Burr notional,Traded dollars,3.5,5,25–50%,7.3468824744469305
Burr notional,Traded dollars,3.5,6,50–100%,2.8703530620622555
Burr notional,Traded dollars,3.5,7,>100%,0.7050221696807769
Burr notional,Traded dollars,3.6,1,0–1%,26.284882333122695
Burr notional,Traded dollars,3.6,2,1–5%,29.81926225054215
Burr notional,Traded dollars,3.6,3,5–10%,15.449736957293547
Burr notional,Traded dollars,3.6,4,10–25%,17.175867854662926
Burr notional,Traded dollars,3.6,5,25–50%,7.526148272037311
Burr notional,Traded dollars,3.6,6,50–100%,2.990708342227204
Burr notional,Traded dollars,3.6,7,>100%,0.7533939901141695
Burr notional,Traded dollars,3.7,1,0–1%,25.961921806318934
Burr notional,Traded dollars,3.7,2,1–5%,29.626696029825833
Burr notional,Traded dollars,3.7,3,5–10%,15.45821888767841
Burr notional,Traded dollars,3.7,4,10–25%,17.338550496948013
Burr notional,Traded dollars,3.7,5,25–50%,7.701007801438927
Burr notional,Traded dollars,3.7,6,50–100%,3.110600059129183
Burr notional,Traded dollars,3.7,7,>100%,0.8030049186606995
Burr notional,Traded dollars,3.8,1,0–1%,25.650662935881353
Burr notional,Traded dollars,3.8,2,1–5%,29.43738557105301
Burr notional,Traded dollars,3.8,3,5–10%,15.463431050622
Burr notional,Traded dollars,3.8,4,10–25%,17.493181588846422
Burr notional,Traded dollars,3.8,5,25–50%,7.871571332957919
Burr notional,Traded dollars,3.8,6,50–100%,3.2299550245998594
Burr notional,Traded dollars,3.8,7,>100%,0.8538124960394385
Burr notional,Traded dollars,3.9,1,0–1%,25.350408262421542
Burr notional,Traded dollars,3.9,2,1–5%,29.25129420049224
Burr notional,Traded dollars,3.9,3,5–10%,15.465654508803372
Burr notional,Traded dollars,3.9,4,10–25%,17.640211211357776
Burr notional,Traded dollars,3.9,5,25–50%,8.037949041267506
Burr notional,Traded dollars,3.9,6,50–100%,3.3487076876127038
Burr notional,Traded dollars,3.9,7,>100%,0.905775088044861
Burr notional,Traded dollars,4,1,0–1%,25.060517580860143
Burr notional,Traded dollars,4,2,1–5%,29.068378338918087
Burr notional,Traded dollars,4,3,5–10%,15.465143772412098
Burr notional,Traded dollars,4,4,10–25%,17.78005848090669
Burr notional,Traded dollars,4,5,25–50%,8.200250433959681
Burr notional,Traded dollars,4,6,50–100%,3.4667994516790963
Burr notional,Traded dollars,4,7,>100%,0.9588519412642046
Burr notional,Traded dollars,4.1,1,0–1%,24.780402006246195
Burr notional,Traded dollars,4.1,2,1–5%,28.888589042231295
Burr notional,Traded dollars,4.1,3,5–10%,15.462129705950433
Burr notional,Traded dollars,4.1,4,10–25%,17.913114074403317
Burr notional,Traded dollars,4.1,5,25–50%,8.35858389210273
Burr notional,Traded dollars,4.1,6,50–100%,3.5841780534924665
Burr notional,Traded dollars,4.1,7,>100%,1.0130032255735617
Burr notional,Traded dollars,4.2,1,0–1%,24.509518777122597
Burr notional,Traded dollars,4.2,2,1–5%,28.71187326586735
Burr notional,Traded dollars,4.2,3,5–10%,15.456822069725911
Burr notional,Traded dollars,4.2,4,10–25%,18.039742520702664
Burr notional,Traded dollars,4.2,5,25–50%,8.513056303806096
Burr notional,Traded dollars,4.2,6,50–100%,3.700796997385241
Burr notional,Traded dollars,4.2,7,>100%,1.0681900653901406
Burr notional,Traded dollars,4.3,1,0–1%,24.247366690193683
Burr notional,Traded dollars,4.3,2,1–5%,28.538174903082208
Burr notional,Traded dollars,4.3,3,5–10%,15.449411747884161
Burr notional,Traded dollars,4.3,4,10–25%,18.160284281840084
Burr notional,Traded dollars,4.3,5,25–50%,8.66377277503422
Burr notional,Traded dollars,4.3,6,50–100%,3.816615040582827
Burr notional,Traded dollars,4.3,7,>100%,1.1243745613828169
Burr notional,Traded dollars,4.4,1,0–1%,23.9934820773664
Burr notional,Traded dollars,4.4,2,1–5%,28.367435637600646
Burr notional,Traded dollars,4.4,3,5–10%,15.440072706646458
Burr notional,Traded dollars,4.4,4,10–25%,18.27505764505778
Burr notional,Traded dollars,4.4,5,25–50%,8.810836404574966
Burr notional,Traded dollars,4.4,6,50–100%,3.931595724648028
Burr notional,Traded dollars,4.4,7,>100%,1.1815198041057182
Burr notional,Traded dollars,4.5,1,0–1%,23.74743525041524
Burr notional,Traded dollars,4.5,2,1–5%,28.19959564347732
Burr notional,Traded dollars,4.5,3,5–10%,15.428963719649463
Burr notional,Traded dollars,4.5,4,10–25%,18.38436044447819
Burr notional,Traded dollars,4.5,5,25–50%,8.954348112264187
Burr notional,Traded dollars,4.5,6,50–100%,4.045706948900523
Burr notional,Traded dollars,4.5,7,>100%,1.2395898808150785
Burr notional,Traded dollars,4.6,1,0–1%,23.508827350187932
Burr notional,Traded dollars,4.6,2,1–5%,28.03459415891778
Burr notional,Traded dollars,4.6,3,5–10%,15.416229891669975
Burr notional,Traded dollars,4.6,4,10–25%,18.488471629323186
Burr notional,Traded dollars,4.6,5,25–50%,9.094406511382882
Burr notional,Traded dollars,4.6,6,50–100%,4.158920581964982
Burr notional,Traded dollars,4.6,7,>100%,1.2985498765532608
Burr notional,Traded dollars,4.7,1,0–1%,23.277287546908866
Burr notional,Traded dollars,4.7,2,1–5%,27.872369955912458
Burr notional,Traded dollars,4.7,3,5–10%,15.402004007341219
Burr notional,Traded dollars,4.7,4,10–25%,18.587652693814274
Burr notional,Traded dollars,4.7,5,25–50%,9.231107817645478
Burr notional,Traded dollars,4.7,6,50–100%,4.271212107945721
Burr notional,Traded dollars,4.7,7,>100%,1.3583658704319859
Burr notional,Traded dollars,4.8,1,0–1%,23.052470546139368
Burr notional,Traded dollars,4.8,2,1–5%,27.712861723593523
Burr notional,Traded dollars,4.8,3,5–10%,15.38640772755852
Burr notional,Traded dollars,4.8,4,10–25%,18.68214898230387
Burr notional,Traded dollars,4.8,5,25–50%,9.364545788444497
Burr notional,Traded dollars,4.8,6,50–100%,4.382560304044408
Burr notional,Traded dollars,4.8,7,>100%,1.4190049279158103
Burr notional,Traded dollars,4.9,1,0–1%,22.834054361621092
Burr notional,Traded dollars,4.9,2,1–5%,27.556008380036666
Burr notional,Traded dollars,4.9,3,5–10%,15.369552652995411
Burr notional,Traded dollars,4.9,4,10–25%,18.77219088176838
Burr notional,Traded dollars,4.9,5,25–50%,9.494811687053307
Burr notional,Traded dollars,4.9,6,50–100%,4.492946946731096
Burr notional,Traded dollars,4.9,7,>100%,1.480435089794047
Burr notional,Traded dollars,5,1,0–1%,22.621738321808227
Burr notional,Traded dollars,5,2,1–5%,27.40174932464147
Burr notional,Traded dollars,5,3,5–10%,15.351541271393982
Burr notional,Traded dollars,5,4,10–25%,18.857994912524944
Burr notional,Traded dollars,5,5,25–50%,9.621994267352227
Burr notional,Traded dollars,5,6,50–100%,4.602356543847217
Burr notional,Traded dollars,5,7,>100%,1.5426253584319307
Burr notional,Traded dollars,5.1,1,0–1%,22.415241281577625
Burr notional,Traded dollars,5.1,2,1–5%,27.250024641117932
Burr notional,Traded dollars,5.1,3,5–10%,15.332467802966555
Burr notional,Traded dollars,5.1,4,10–25%,18.939764726902297
Burr notional,Traded dollars,5.1,5,25–50%,9.746179775362613
Burr notional,Traded dollars,5.1,6,50–100%,4.710776090265031
Burr notional,Traded dollars,5.1,7,>100%,1.6055456818079479
Burr notional,Traded dollars,5.2,1,0–1%,22.21430001455442
Burr notional,Traded dollars,5.2,2,1–5%,27.100775259384758
Burr notional,Traded dollars,5.2,3,5–10%,15.312418956276886
Burr notional,Traded dollars,5.2,4,10–25%,19.01769202458442
Burr notional,Traded dollars,5.2,5,25–50%,9.867451964476821
Burr notional,Traded dollars,5.2,6,50–100%,4.818194844950987
Burr notional,Traded dollars,5.2,7,>100%,1.6691669357717063
Burr notional,Traded dollars,5.3,1,0–1%,22.01866776482875
Burr notional,Traded dollars,5.3,2,1–5%,26.95394308327511
Burr notional,Traded dollars,5.3,3,5–10%,15.29147460529654
Burr notional,Traded dollars,5.3,4,10–25%,19.09195739244675
Burr notional,Traded dollars,5.3,5,25–50%,9.985892121774794
Burr notional,Traded dollars,5.3,6,50–100%,4.924604127483696
Burr notional,Traded dollars,5.3,7,>100%,1.733460904894359
Burr notional,Traded dollars,5.4,1,0–1%,21.828112939671797
Burr notional,Traded dollars,5.4,2,1–5%,26.809471089785042
Burr notional,Traded dollars,5.4,3,5–10%,15.269708396909786
Burr notional,Traded dollars,5.4,4,10–25%,19.162731075901895
Burr notional,Traded dollars,5.4,5,25–50%,10.101579103241136
Burr notional,Traded dollars,5.4,6,50–100%,5.029997132260815
Burr notional,Traded dollars,5.4,7,>100%,1.7984002622295296
Burr notional,Traded dollars,5.5,1,0–1%,21.642417927270373
Burr notional,Traded dollars,5.5,2,1–5%,26.667303404645036
Burr notional,Traded dollars,5.5,3,5–10%,15.247188296924818
Burr notional,Traded dollars,5.5,4,10–25%,19.230173688056833
Burr notional,Traded dollars,5.5,5,25–50%,10.21458937605058
Burr notional,Traded dollars,5.5,6,50–100%,5.134368758796126
Burr notional,Traded dollars,5.5,7,>100%,1.8639585482562302
Burr notional,Traded dollars,5.6,1,0–1%,21.46137802555721
Burr notional,Traded dollars,5.6,2,1–5%,26.527385358205347
Burr notional,Traded dollars,5.6,3,5–10%,15.223977081609952
Burr notional,Traded dollars,5.6,4,10–25%,19.29443686234613
Burr notional,Traded dollars,5.6,5,25–50%,10.324997066387812
Burr notional,Traded dollars,5.6,6,50–100%,5.2377154566585595
Burr notional,Traded dollars,5.6,7,>100%,1.9301101492349888
Burr notional,Traded dollars,5.7,1,0–1%,21.28480046997693
Burr notional,Traded dollars,5.7,2,1–5%,26.389663524970995
Burr notional,Traded dollars,5.7,3,5–10%,15.200132780881258
Burr notional,Traded dollars,5.7,4,10–25%,19.355663853737003
Burr notional,Traded dollars,5.7,5,25–50%,10.432874011518848
Burr notional,Traded dollars,5.7,6,50–100%,5.340035083741151
Burr notional,Traded dollars,5.7,7,>100%,1.9968302751738123
Burr notional,Traded dollars,5.8,1,0–1%,21.112503549540516
Burr notional,Traded dollars,5.8,2,1–5%,26.254085749580025
Burr notional,Traded dollars,5.8,3,5–10%,15.175709078500821
Burr notional,Traded dollars,5.8,4,10–25%,19.413990093095812
Burr notional,Traded dollars,5.8,5,25–50%,10.538289815040988
Burr notional,Traded dollars,5.8,6,50–100%,5.441326776671334
Burr notional,Traded dollars,5.8,7,>100%,2.064094937570502
Burr notional,Traded dollars,5.9,1,0–1%,20.944315801824796
Burr notional,Traded dollars,5.9,2,1–5%,26.120601161565872
Burr notional,Traded dollars,5.9,3,5–10%,15.150755673983296
Burr notional,Traded dollars,5.9,4,10–25%,19.469543698851467
Burr notional,Traded dollars,5.9,5,25–50%,10.641311904417408
Burr notional,Traded dollars,5.9,6,50–100%,5.541590832284975
Burr notional,Traded dollars,5.9,7,>100%,2.1318809270721863
Burr notional,Traded dollars,6,1,0–1%,20.780075278697694
Burr notional,Traded dollars,6,2,1–5%,25.98916018086792
Burr notional,Traded dollars,6,3,5–10%,15.125318610337235
Burr notional,Traded dollars,6,4,10–25%,19.522445949688183
Burr notional,Traded dollars,6,5,25–50%,10.742005590051651
Burr notional,Traded dollars,6,6,50–100%,5.6408285991868885
Burr notional,Traded dollars,6,7,>100%,2.2001657911704267
Burr notional,Traded dollars,6.1,1,0–1%,20.619628875524242
Burr notional,Traded dollars,6.1,2,1–5%,25.85971451573944
Burr notional,Traded dollars,6.1,3,5–10%,15.099440571271877
Burr notional,Traded dollars,6.1,4,10–25%,19.572811721636963
Burr notional,Traded dollars,6.1,5,25–50%,10.8404341252844
Burr notional,Traded dollars,6.1,6,50–100%,5.739042378511897
Burr notional,Traded dollars,6.1,7,>100%,2.268927812031181
Burr notional,Traded dollars,6.2,1,0–1%,20.462831717452424
Burr notional,Traded dollars,6.2,2,1–5%,25.73221715443833
Burr notional,Traded dollars,6.2,3,5–10%,15.073161151071602
Burr notional,Traded dollars,6.2,4,10–25%,19.620749892612846
Burr notional,Traded dollars,6.2,5,25–50%,10.936658766801017
Burr notional,Traded dollars,6.2,6,50–100%,5.836235333081619
Burr notional,Traded dollars,6.2,7,>100%,2.3381459845421624
Burr notional,Traded dollars,6.3,1,0–1%,20.309546597113382
Burr notional,Traded dollars,6.3,2,1–5%,25.60662235186497
Burr notional,Traded dollars,6.3,3,5–10%,15.046517099965289
Burr notional,Traded dollars,6.3,4,10–25%,19.666363717154344
Burr notional,Traded dollars,6.3,5,25–50%,11.030738835029029
Burr notional,Traded dollars,6.3,6,50–100%,5.93241140422706
Burr notional,Traded dollars,6.3,7,>100%,2.4077999946459236
Burr notional,Traded dollars,6.4,1,0–1%,20.159643458710043
Burr notional,Traded dollars,6.4,2,1–5%,25.482885612125784
Burr notional,Traded dollars,6.4,3,5–10%,15.01954254749328
Burr notional,Traded dollars,6.4,4,10–25%,19.709751173861985
Burr notional,Traded dollars,6.4,5,25–50%,11.122731774180949
Burr notional,Traded dollars,6.4,6,50–100%,6.027575235613238
Burr notional,Traded dollars,6.4,7,>100%,2.4778701980147217
Burr notional,Traded dollars,6.5,1,0–1%,20.012998924028302
Burr notional,Traded dollars,6.5,2,1–5%,25.360963667845127
Burr notional,Traded dollars,6.5,3,5–10%,14.992269206089581
Burr notional,Traded dollars,6.5,4,10–25%,19.751005287800037
Burr notional,Traded dollars,6.5,5,25–50%,11.212693211661257
Burr notional,Traded dollars,6.5,6,50–100%,6.121732103463311
Burr notional,Traded dollars,6.5,7,>100%,2.5483375991123833
Burr notional,Traded dollars,6.6,1,0–1%,19.869495856394302
Burr notional,Traded dollars,6.6,2,1–5%,25.240814456916503
Burr notional,Traded dollars,6.6,3,5–10%,14.964726556848529
Burr notional,Traded dollars,6.6,4,10–25%,19.7902144299158
Burr notional,Traded dollars,6.6,5,25–50%,11.300677016611706
Burr notional,Traded dollars,6.6,6,50–100%,6.214887852633515
Burr notional,Traded dollars,6.6,7,>100%,2.6191838306796447
Burr notional,Traded dollars,6.7,1,0–1%,19.72902295903136
Burr notional,Traded dollars,6.7,2,1–5%,25.122397097272863
Burr notional,Traded dollars,6.7,3,5–10%,14.936942019227113
Burr notional,Traded dollars,6.7,4,10–25%,19.82746259534315
Burr notional,Traded dollars,6.7,5,25–50%,11.386735357413723
Burr notional,Traded dollars,6.7,6,50–100%,6.307048838040491
Burr notional,Traded dollars,6.7,7,>100%,2.690391133671299
Burr notional,Traded dollars,6.8,1,0–1%,19.59147440464758
Burr notional,Traded dollars,6.8,2,1–5%,25.005671860162714
Burr notional,Traded dollars,6.8,3,5–10%,14.908941106242324
Burr notional,Traded dollars,6.8,4,10–25%,19.862829662287773
Burr notional,Traded dollars,6.8,5,25–50%,11.470918758005947
Burr notional,Traded dollars,6.8,6,50–100%,6.3982218709867364
Burr notional,Traded dollars,6.8,7,>100%,2.761942337666926
Burr notional,Traded dollars,6.9,1,0–1%,19.456749493417867
Burr notional,Traded dollars,6.9,2,1–5%,24.890600142339515
Burr notional,Traded dollars,6.9,3,5–10%,14.880747566554998
Burr notional,Traded dollars,6.9,4,10–25%,19.896391633038473
Burr notional,Traded dollars,6.9,5,25–50%,11.553276152907111
Burr notional,Traded dollars,6.9,6,50–100%,6.488414169970744
Burr notional,Traded dollars,6.9,7,>100%,2.833820841771294
Burr notional,Traded dollars,7,1,0–1%,19.32475233681801
Burr notional,Traded dollars,7,2,1–5%,24.77714443750464
Burr notional,Traded dollars,7,3,5–10%,14.852383514682794
Burr notional,Traded dollars,7,4,10–25%,19.928220858512514
Burr notional,Traded dollars,7,5,25–50%,11.63385494086146
Burr notional,Traded dollars,7,6,50–100%,6.5776333156050875
Burr notional,Traded dollars,7,7,>100%,2.9060105960155
Burr notional,Traded dollars,7.1,1,0–1%,19.19539156502784
Burr notional,Traded dollars,7.1,2,1–5%,24.665268307287825
Burr notional,Traded dollars,7.1,3,5–10%,14.823869550454333
Burr notional,Traded dollars,7.1,4,10–25%,19.958386247618474
Burr notional,Traded dollars,7.1,5,25–50%,11.712701037046898
Burr notional,Traded dollars,7.1,6,50–100%,6.665887209298782
Burr notional,Traded dollars,7.1,7,>100%,2.9784960832658487
Burr notional,Traded dollars,7.2,1,0–1%,19.068580055850227
Burr notional,Traded dollars,7.2,2,1–5%,24.554936352001334
Burr notional,Traded dollars,7.2,3,5–10%,14.795224868700474
Burr notional,Traded dollars,7.2,4,10–25%,19.986953462607985
Burr notional,Traded dollars,7.2,5,25–50%,11.789858923805468
Burr notional,Traded dollars,7.2,6,50–100%,6.7531840353906
Burr notional,Traded dollars,7.2,7,>100%,3.051262301643914
Burr notional,Traded dollars,7.3,1,0–1%,18.944234683297
Burr notional,Traded dollars,7.3,2,1–5%,24.446114181363264
Burr notional,Traded dollars,7.3,3,5–10%,14.766467360076401
Burr notional,Traded dollars,7.3,4,10–25%,20.013985101486867
Burr notional,Traded dollars,7.3,5,25–50%,11.86537169987089
Burr notional,Traded dollars,7.3,6,50–100%,6.8395322264473295
Burr notional,Traded dollars,7.3,7,>100%,3.1242947474582454
Burr notional,Traded dollars,7.4,1,0–1%,18.822276084173993
Burr notional,Traded dollars,7.4,2,1–5%,24.338768385351027
Burr notional,Traded dollars,7.4,3,5–10%,14.737613703817177
Burr notional,Traded dollars,7.4,4,10–25%,20.03954086846442
Burr notional,Traded dollars,7.4,5,25–50%,11.939281128082085
Burr notional,Traded dollars,7.4,6,50–100%,6.924940431465732
Burr notional,Traded dollars,7.4,7,>100%,3.1975793986455634
Burr notional,Traded dollars,7.5,1,0–1%,18.702628441158787
Burr notional,Traded dollars,7.5,2,1–5%,24.232866505316984
Burr notional,Traded dollars,7.5,3,5–10%,14.708679453148893
Burr notional,Traded dollars,7.5,4,10–25%,20.063677733336764
Burr notional,Traded dollars,7.5,5,25–50%,12.011627681581546
Burr notional,Traded dollars,7.5,6,50–100%,7.009417486739557
Burr notional,Traded dollars,7.5,7,>100%,3.2711026987174665
Burr notional,Traded dollars,7.6,1,0–1%,18.585219281008214
Burr notional,Traded dollars,7.6,2,1–5%,24.12837700547408
Burr notional,Traded dollars,7.6,3,5–10%,14.679679114005506
Burr notional,Traded dollars,7.6,4,10–25%,20.0864500806248
Burr notional,Traded dollars,7.6,5,25–50%,12.082450588507438
Burr notional,Traded dollars,7.6,6,50–100%,7.09297238917346
Burr notional,Traded dollars,7.6,7,>100%,3.344851541206506
Burr notional,Traded dollars,7.7,1,0–1%,18.46997928666234
Burr notional,Traded dollars,7.7,2,1–5%,24.025269244837254
Burr notional,Traded dollars,7.7,3,5–10%,14.650626217637747
Burr notional,Traded dollars,7.7,4,10–25%,20.10790984921929
Burr notional,Traded dollars,7.7,5,25–50%,12.151787875194566
Burr notional,Traded dollars,7.7,6,50–100%,7.175614271844386
Burr notional,Traded dollars,7.7,7,>100%,3.4188132546044185
Burr notional,Traded dollars,7.8,1,0–1%,18.356842122124828
Burr notional,Traded dollars,7.8,2,1–5%,23.923513449690326
Burr notional,Traded dollars,7.8,3,5–10%,14.621533387643337
Burr notional,Traded dollars,7.8,4,10–25%,20.12810666322339
Burr notional,Traded dollars,7.8,5,25–50%,12.21967640790656
Burr notional,Traded dollars,7.8,6,50–100%,7.257352381627621
Burr notional,Traded dollars,7.8,7,>100%,3.4929755877839366
Burr notional,Traded dollars,7.9,1,0–1%,18.24574426910409
Burr notional,Traded dollars,7.9,2,1–5%,23.82308068663176
Burr notional,Traded dollars,7.9,3,5–10%,14.592412401897114
Burr notional,Traded dollars,7.9,4,10–25%,20.147087954626684
Burr notional,Traded dollars,7.9,5,25–50%,12.286151933125193
Burr notional,Traded dollars,7.9,6,50–100%,7.338196058720542
Burr notional,Traded dollars,7.9,7,>100%,3.5673266958946166
Burr notional,Traded dollars,8,1,0–1%,18.136624874490803
Burr notional,Traded dollars,8,2,1–5%,23.723942836241097
Burr notional,Traded dollars,8,3,5–10%,14.563274249813485
Burr notional,Traded dollars,8,4,10–25%,20.164899078393862
Burr notional,Traded dollars,8,5,25–50%,12.351249116427281
Burr notional,Traded dollars,8,6,50–100%,7.418154717910934
Burr notional,Traded dollars,8,7,>100%,3.64185512672254
Burr notional,Traded dollars,8.1,1,0–1%,18.02942560783095
Burr notional,Traded dollars,8.1,2,1–5%,23.626072567396694
Burr notional,Traded dollars,8.1,3,5–10%,14.53412918533379
Burr notional,Traded dollars,8.1,4,10–25%,20.18158342050374
Burr notional,Traded dollars,8.1,5,25–50%,12.415001579982428
Burr notional,Traded dollars,8.1,6,50–100%,7.497237831449453
Burr notional,Traded dollars,8.1,7,>100%,3.7165498075029473
Burr notional,Traded dollars,8.2,1,0–1%,17.924090528027705
Burr notional,Traded dollars,8.2,2,1–5%,23.529443312266608
Burr notional,Traded dollars,8.2,3,5–10%,14.504986775994
Burr notional,Traded dollars,8.2,4,10–25%,20.19718249943275
Burr notional,Traded dollars,8.2,5,25–50%,12.477441938706669
Burr notional,Traded dollars,8.2,6,50–100%,7.575454913397682
Burr notional,Traded dollars,8.2,7,>100%,3.7914000321745926
Burr notional,Traded dollars,8.3,1,0–1%,17.8205659585729
Burr notional,Traded dollars,8.3,2,1–5%,23.434029241987286
Burr notional,Traded dollars,8.3,3,5–10%,14.475855948395477
Burr notional,Traded dollars,8.3,4,10–25%,20.211736061537078
Burr notional,Traded dollars,8.3,5,25–50%,12.538601835109375
Burr notional,Traded dollars,8.3,6,50–100%,7.652815505333751
Burr notional,Traded dollars,8.3,7,>100%,3.866395449064133
Burr notional,Traded dollars,8.4,1,0–1%,17.718800370669086
Burr notional,Traded dollars,8.4,2,1–5%,23.339805243037894
Burr notional,Traded dollars,8.4,3,5–10%,14.446745030372027
Burr notional,Traded dollars,8.4,4,10–25%,20.225282170753545
Burr notional,Traded dollars,8.4,5,25–50%,12.59851197287134
Burr notional,Traded dollars,8.4,6,50–100%,7.7293291633072245
Burr notional,Traded dollars,8.4,7,>100%,3.941526048988887
Burr notional,Traded dollars,8.5,1,0–1%,17.618744273658184
Burr notional,Traded dollars,8.5,2,1–5%,23.24674689431361
Burr notional,Traded dollars,8.5,3,5–10%,14.41766179012035
Burr notional,Traded dollars,8.5,4,10–25%,20.237857293005344
Burr notional,Traded dollars,8.5,5,25–50%,12.657202149192795
Burr notional,Traded dollars,8.5,6,50–100%,7.805005445943881
Burr notional,Traded dollars,8.5,7,>100%,4.016782153765839
Burr notional,Traded dollars,8.6,1,0–1%,17.520350112221795
Burr notional,Traded dollars,8.6,2,1–5%,23.154830444895946
Burr notional,Traded dollars,8.6,3,5–10%,14.388613472536866
Burr notional,Traded dollars,8.6,4,10–25%,20.249496375670866
Burr notional,Traded dollars,8.6,5,25–50%,12.71470128595053
Burr notional,Traded dollars,8.6,6,50–100%,7.879853903608924
Burr notional,Traded dollars,8.6,7,>100%,4.092154405115074
Burr notional,Traded dollars,8.7,1,0–1%,17.423572169863256
Burr notional,Traded dollars,8.7,2,1–5%,23.064032792515874
Burr notional,Traded dollars,8.7,3,5–10%,14.359606832981608
Burr notional,Traded dollars,8.7,4,10–25%,20.26023292244528
Burr notional,Traded dollars,8.7,5,25–50%,12.771037459703367
Burr notional,Traded dollars,8.7,6,50–100%,7.953884068545006
Burr notional,Traded dollars,8.7,7,>100%,4.167633753945609
Burr notional,Traded dollars,8.8,1,0–1%,17.328366478221945
Burr notional,Traded dollars,8.8,2,1–5%,22.974331462701148
Burr notional,Traded dollars,8.8,3,5–10%,14.330648168672456
Burr notional,Traded dollars,8.8,4,10–25%,20.27009906390039
Burr notional,Traded dollars,8.8,5,25–50%,12.826237930584783
Burr notional,Traded dollars,8.8,6,50–100%,8.027105445907571
Burr notional,Traded dollars,8.8,7,>100%,4.243211450011711
Burr notional,Traded dollars,8.9,1,0–1%,17.234690731806957
Burr notional,Traded dollars,8.9,2,1–5%,22.885704588598077
Burr notional,Traded dollars,8.9,3,5–10%,14.30174334789291
Burr notional,Traded dollars,8.9,4,10–25%,20.279125624025653
Burr notional,Traded dollars,8.9,5,25–50%,12.880329170121446
Burr notional,Traded dollars,8.9,6,50–100%,8.099527505626943
Burr notional,Traded dollars,8.9,7,>100%,4.318879031928016
Burr notional,Traded dollars,9,1,0–1%,17.142504207771037
Burr notional,Traded dollars,9,2,1–5%,22.79813089145526
Burr notional,Traded dollars,9,3,5–10%,14.272897837182914
Burr notional,Traded dollars,9,4,10–25%,20.28734218301185
Burr notional,Traded dollars,9,5,25–50%,12.933336888015548
Burr notional,Traded dollars,9,6,50–100%,8.171159675031594
Burr notional,Traded dollars,9,7,>100%,4.3946283175317955
Burr notional,Traded dollars,9.1,1,0–1%,17.051767690375563
Burr notional,Traded dollars,9.1,2,1–5%,22.711589661755973
Burr notional,Traded dollars,9.1,3,5–10%,14.24411672666599
Burr notional,Traded dollars,9.1,4,10–25%,20.29477713652042
Burr notional,Traded dollars,9.1,5,25–50%,12.985286057928267
Burr notional,Traded dollars,9.1,6,50–100%,8.24201133217282
Burr notional,Traded dollars,9.1,7,>100%,4.470451394580969
Burr notional,Traded dollars,9.2,1,0–1%,16.962443399825332
Burr notional,Traded dollars,9.2,2,1–5%,22.62606074098382
Burr notional,Traded dollars,9.2,3,5–10%,14.21540475365507
Burr notional,Traded dollars,9.2,4,10–25%,20.301457751662745
Burr notional,Traded dollars,9.2,5,25–50%,13.036200942301098
Burr notional,Traded dollars,9.2,6,50–100%,8.312091799795294
Burr notional,Traded dollars,9.2,7,>100%,4.546340611776639
Burr notional,Traded dollars,9.3,1,0–1%,16.87449492517692
Burr notional,Traded dollars,9.3,2,1–5%,22.54152450400654
Burr notional,Traded dollars,9.3,3,5–10%,14.18676632466505
Burr notional,Traded dollars,9.3,4,10–25%,20.307410219899168
Burr notional,Traded dollars,9.3,5,25–50%,13.086105116250312
Burr notional,Traded dollars,9.3,6,50–100%,8.381410339902756
Burr notional,Traded dollars,9.3,7,>100%,4.622288570099253
Burr notional,Traded dollars,9.4,1,0–1%,16.78788716104751
Burr notional,Traded dollars,9.4,2,1–5%,22.457961842060836
Burr notional,Traded dollars,9.4,3,5–10%,14.158205535951723
Burr notional,Traded dollars,9.4,4,10–25%,20.312659707050685
Burr notional,Traded dollars,9.4,5,25–50%,13.135021490569782
Burr notional,Traded dollars,9.4,6,50–100%,8.449976148871885
Burr notional,Traded dollars,9.4,7,>100%,4.69828811444758
Burr notional,Traded dollars,9.5,1,0–1%,16.702586247871665
Burr notional,Traded dollars,9.5,2,1–5%,22.375354146322213
Burr notional,Traded dollars,9.5,3,5–10%,14.12972619268545
Burr notional,Traded dollars,9.5,4,10–25%,20.317230400603947
Burr notional,Traded dollars,9.5,5,25–50%,13.182972333875565
Burr notional,Traded dollars,9.5,6,50–100%,8.517798353070997
Burr notional,Traded dollars,9.5,7,>100%,4.774332325570165
Burr notional,Traded dollars,9.6,1,0–1%,16.618559515473287
Burr notional,Traded dollars,9.6,2,1–5%,22.293683292041887
Burr notional,Traded dollars,9.6,3,5–10%,14.101331826859287
Burr notional,Traded dollars,9.6,4,10–25%,20.321145554477305
Burr notional,Traded dollars,9.6,5,25–50%,13.22997929392525
Burr notional,Traded dollars,9.6,6,50–100%,8.584886004944
Burr notional,Traded dollars,9.6,7,>100%,4.850414512278984
Burr notional,Traded dollars,9.7,1,0–1%,16.5357754297368
Burr notional,Traded dollars,9.7,2,1–5%,22.212931623234066
Burr notional,Traded dollars,9.7,3,5–10%,14.073025714024467
Burr notional,Traded dollars,9.7,4,10–25%,20.324427531403106
Burr notional,Traded dollars,9.7,5,25–50%,13.276063418143636
Burr notional,Traded dollars,9.7,6,50–100%,8.651248079522412
Burr notional,Traded dollars,9.7,7,>100%,4.926528203935514
Burr notional,Traded dollars,9.8,1,0–1%,16.45420354217829
Burr notional,Traded dollars,9.8,2,1–5%,22.133081937896215
Burr notional,Traded dollars,9.8,3,5–10%,14.0448108889365
Burr notional,Traded dollars,9.8,4,10–25%,20.32709784307192
Burr notional,Traded dollars,9.8,5,25–50%,13.321245173385476
Burr notional,Traded dollars,9.8,6,50–100%,8.716893471332135
Burr notional,Traded dollars,9.8,7,>100%,5.002667143199466
Burr notional,Traded dollars,9.9,1,0–1%,16.373814442231605
Burr notional,Traded dollars,9.9,2,1–5%,22.054117473744906
Burr notional,Traded dollars,9.9,3,5–10%,14.01669016019078
Burr notional,Traded dollars,9.9,4,10–25%,20.329177188173446
Burr notional,Traded dollars,9.9,5,25–50%,13.36554446496513
Burr notional,Traded dollars,9.9,6,50–100%,8.781830991663133
Burr notional,Traded dollars,9.9,7,>100%,5.078825279031
Burr notional,Traded dollars,10,1,0–1%,16.29457971207814
Burr notional,Traded dollars,10,2,1–5%,21.97602189445027
Burr notional,Traded dollars,10,3,5–10%,13.988666123918737
Burr notional,Traded dollars,10,4,10–25%,20.3306854884606
Burr notional,Traded dollars,10,5,25–50%,13.408980654981455
Burr notional,Traded dollars,10,6,50–100%,8.846069366173543
Burr notional,Traded dollars,10,7,>100%,5.154996759937257
Burr notional,Traded dollars,10.1,1,0–1%,16.21647188386117
Burr notional,Traded dollars,10.1,2,1–5%,21.898779276352652
Burr notional,Traded dollars,10.1,3,5–10%,13.960741176610957
Burr notional,Traded dollars,10.1,4,10–25%,20.33164192295344
Burr notional,Traded dollars,10.1,5,25–50%,13.451572579965942
Burr notional,Traded dollars,10.1,6,50–100%,8.909617232801246
Burr notional,Traded dollars,10.1,7,>100%,5.231175927454587
Burr notional,Traded dollars,10.2,1,0–1%,16.13946439913736
Burr notional,Traded dollars,10.2,2,1–5%,21.822374095644314
Burr notional,Traded dollars,10.2,3,5–10%,13.932917527128147
Burr notional,Traded dollars,10.2,4,10–25%,20.33206496039344
Burr notional,Traded dollars,10.2,5,25–50%,13.493338567880153
Burr notional,Traded dollars,10.2,6,50–100%,8.972483139958735
Burr notional,Traded dollars,10.2,7,>100%,5.307357309857854
Burr notional,Traded dollars,10.3,1,0–1%,16.063531570428037
Burr notional,Traded dollars,10.3,2,1–5%,21.746791216000595
Burr notional,Traded dollars,10.3,3,5–10%,13.905197207956116
Burr notional,Traded dollars,10.3,4,10–25%,20.331972390049742
Burr notional,Traded dollars,10.3,5,25–50%,13.534296454488764
Burr notional,Traded dollars,10.3,6,50–100%,9.034675544988072
Burr notional,Traded dollars,10.3,7,>100%,5.383535616088678
Burr notional,Traded dollars,10.4,1,0–1%,15.988648544742755
Burr notional,Traded dollars,10.4,2,1–5%,21.672015876644345
Burr notional,Traded dollars,10.4,3,5–10%,13.877582085756968
Burr notional,Traded dollars,10.4,4,10–25%,20.331381350973682
Burr notional,Traded dollars,10.4,5,25–50%,13.57446359913221
Burr notional,Traded dollars,10.4,6,50–100%,9.09620281285525
Burr notional,Traded dollars,10.4,7,>100%,5.459705729894789
Burr notional,Traded dollars,10.5,1,0–1%,15.914791268956762
Burr notional,Traded dollars,10.5,2,1–5%,21.598033680828298
Burr notional,Traded dollars,10.5,3,5–10%,13.8500738712645
Burr notional,Traded dollars,10.5,4,10–25%,20.330308359790155
Burr notional,Traded dollars,10.5,5,25–50%,13.61385689992316
Burr notional,Traded dollars,10.5,6,50–100%,9.15707321506448
Burr notional,Traded dollars,10.5,7,>100%,5.535862704172641
Burr notional,Traded dollars,10.6,1,0–1%,15.841936456931371
Burr notional,Traded dollars,10.6,2,1–5%,21.524830584720476
Burr notional,Traded dollars,10.6,3,5–10%,13.82267412856818
Burr notional,Traded dollars,10.6,4,10–25%,20.328769337110213
Burr notional,Traded dollars,10.6,5,25–50%,13.652492808389171
Burr notional,Traded dollars,10.6,6,50–100%,9.217294928774459
Burr notional,Traded dollars,10.6,7,>100%,5.612001755506127
Burr notional,Traded dollars,10.7,1,0–1%,15.770061558274783
Burr notional,Traded dollars,10.7,2,1–5%,21.452392886677796
Burr notional,Traded dollars,10.7,3,5–10%,13.795384283826895
Burr notional,Traded dollars,10.7,4,10–25%,20.32677963264271
Burr notional,Traded dollars,10.7,5,25–50%,13.690387343583676
Burr notional,Traded dollars,10.7,6,50–100%,9.276876036100077
Burr notional,Traded dollars,10.7,7,>100%,5.688118258894061
Burr notional,Traded dollars,10.8,1,0–1%,15.699144728647019
Burr notional,Traded dollars,10.8,2,1–5%,21.380707216894045
Burr notional,Traded dollars,10.8,3,5–10%,13.768205633450709
Burr notional,Traded dollars,10.8,4,10–25%,20.324354049077893
Burr notional,Traded dollars,10.8,5,25–50%,13.727556105686395
Burr notional,Traded dollars,10.8,6,50–100%,9.335824523584261
Burr notional,Traded dollars,10.8,7,>100%,5.764207742659679
Burr notional,Traded dollars,10.9,1,0–1%,15.629164801519646
Burr notional,Traded dollars,10.9,2,1–5%,21.309760527408084
Burr notional,Traded dollars,10.9,3,5–10%,13.74113935178569
Burr notional,Traded dollars,10.9,4,10–25%,20.321506864812385
Burr notional,Traded dollars,10.9,5,25–50%,13.76401428911298
Burr notional,Traded dollars,10.9,6,50–100%,9.39414828182572
Burr notional,Traded dollars,10.9,7,>100%,5.840265883535496
Burr notional,Traded dollars,11,1,0–1%,15.560101261306514
Burr notional,Traded dollars,11,2,1–5%,21.239540082459428
Burr notional,Traded dollars,11,3,5–10%,13.714186498334724
Burr notional,Traded dollars,11,4,10–25%,20.31825185557887
Burr notional,Traded dollars,11,5,25–50%,13.799776695153652
Burr notional,Traded dollars,11,6,50–100%,9.451855105249734
Burr notional,Traded dollars,11,7,>100%,5.916288501917079
Burr notional,Traded dollars,11.1,1,0–1%,15.491934217787485
Burr notional,Traded dollars,11.1,2,1–5%,21.17003344917797
Burr notional,Traded dollars,11.1,3,5–10%,13.687348024544699
Burr notional,Traded dollars,11.1,4,10–25%,20.31460231504141
Burr notional,Traded dollars,11.1,5,25–50%,13.834857744159345
Burr notional,Traded dollars,11.1,6,50–100%,9.508952692009434
Burr notional,Traded dollars,11.1,7,>100%,5.9922715572796585
Burr notional,Traded dollars,11.2,1,0–1%,15.424644381752085
Burr notional,Traded dollars,11.2,2,1–5%,21.101228488595748
Burr notional,Traded dollars,11.2,3,5–10%,13.660624780188124
Burr notional,Traded dollars,11.2,4,10–25%,20.31057107441268
Burr notional,Traded dollars,11.2,5,25–50%,13.869271487292853
Burr notional,Traded dollars,11.2,6,50–100%,9.56544864400693
Burr notional,Traded dollars,11.2,7,>100%,6.068211143751582
Burr notional,Traded dollars,11.3,1,0–1%,15.358213041794988
Burr notional,Traded dollars,11.3,2,1–5%,21.033113346968392
Burr notional,Traded dollars,11.3,3,5–10%,13.634017519365576
Burr notional,Traded dollars,11.3,4,10–25%,20.306170521145944
Burr notional,Traded dollars,11.3,5,25–50%,13.903031617862633
Burr notional,Traded dollars,11.3,6,50–100%,9.621350467023637
Burr notional,Traded dollars,11.3,7,>100%,6.14410348583883
Burr notional,Traded dollars,11.4,1,0–1%,15.29262204219901
Burr notional,Traded dollars,11.4,2,1–5%,20.965676447395253
Burr notional,Traded dollars,11.4,3,5–10%,13.607526906153089
Burr notional,Traded dollars,11.4,4,10–25%,20.30141261675228
Burr notional,Traded dollars,11.4,5,25–50%,13.936151482255092
Burr notional,Traded dollars,11.4,6,50–100%,9.676665570949957
Burr notional,Traded dollars,11.4,7,>100%,6.219944934295318
Burr notional,Traded dollars,11.5,1,0–1%,15.227853761846323
Burr notional,Traded dollars,11.5,2,1–5%,20.89890648172641
Burr notional,Traded dollars,11.5,3,5–10%,13.581153519917155
Burr notional,Traded dollars,11.5,4,10–25%,20.296308913788902
Burr notional,Traded dollars,11.5,5,25–50%,13.968644090481618
Burr notional,Traded dollars,11.5,6,50–100%,9.731401270106222
Burr notional,Traded dollars,11.5,7,>100%,6.295731962133372
Burr notional,Traded dollars,11.6,1,0–1%,15.163891094101235
Burr notional,Traded dollars,11.6,2,1–5%,20.832792402746357
Burr notional,Traded dollars,11.6,3,5–10%,13.554897860318693
Burr notional,Traded dollars,11.6,4,10–25%,20.29087057206329
Burr notional,Traded dollars,11.6,5,25–50%,14.000522126355003
Burr notional,Traded dollars,11.6,6,50–100%,9.785564783645919
Burr notional,Traded dollars,11.6,7,>100%,6.371461160769503
Burr notional,Traded dollars,11.7,1,0–1%,15.100717427612476
Burr notional,Traded dollars,11.7,2,1–5%,20.76732341662365
Burr notional,Traded dollars,11.7,3,5–10%,13.528760352025127
Burr notional,Traded dollars,11.7,4,10–25%,20.28510837409423
Burr notional,Traded dollars,11.7,5,25–50%,14.031797957310003
Burr notional,Traded dollars,11.7,6,50–100%,9.839163236034011
Burr notional,Traded dollars,11.7,7,>100%,6.447129236300504
Burr notional,Traded dollars,11.8,1,0–1%,15.038316627985326
Burr notional,Traded dollars,11.8,2,1–5%,20.702488975616827
Burr notional,Traded dollars,11.8,3,5–10%,13.502741349149128
Burr notional,Traded dollars,11.8,4,10–25%,20.2790327398686
Burr notional,Traded dollars,11.8,5,25–50%,14.062483643881654
Burr notional,Traded dollars,11.8,6,50–100%,9.892203657593456
Burr notional,Traded dollars,11.8,7,>100%,6.522733005905006
Burr notional,Traded dollars,11.9,1,0–1%,14.97667302027741
Burr notional,Traded dollars,11.9,2,1–5%,20.63827877102682
Burr notional,Traded dollars,11.9,3,5–10%,13.476841139430906
Burr notional,Traded dollars,11.9,4,10–25%,20.27265374093057
Burr notional,Traded dollars,11.9,5,25–50%,14.092590948854971
Burr notional,Traded dollars,11.9,6,50–100%,9.944692985113063
Burr notional,Traded dollars,11.9,7,>100%,6.5982693943662625
Burr notional,Traded dollars,12,1,0–1%,14.915771372274877
Burr notional,Traded dollars,12,2,1–5%,20.57468272638664
Burr notional,Traded dollars,12,3,5–10%,13.451059948180033
Burr notional,Traded dollars,12,4,10–25%,20.26598111383777
Burr notional,Traded dollars,12,5,25–50%,14.122131346098252
Burr notional,Traded dollars,12,6,50–100%,9.996638062511053
Burr notional,Traded dollars,12,7,>100%,6.673735430711372
Burr notional,Traded dollars,12.1,1,0–1%,14.855596878507772
Burr notional,Traded dollars,12.1,2,1–5%,20.51169099087976
Burr notional,Traded dollars,12.1,3,5–10%,13.42539794199128
Burr notional,Traded dollars,12.1,4,10–25%,20.259024273016745
Burr notional,Traded dollars,12.1,5,25–50%,14.151116029092789
Burr notional,Traded dollars,12.1,6,50–100%,10.048045641548612
Burr notional,Traded dollars,12.1,7,>100%,6.7491282449630425
Burr notional,Traded dollars,12.2,1,0–1%,14.796135144966527
Burr notional,Traded dollars,12.2,2,1–5%,20.449293932978275
Burr notional,Traded dollars,12.2,3,5–10%,13.39985523224858
Burr notional,Traded dollars,12.2,4,10–25%,20.25179232304824
Burr notional,Traded dollars,12.2,5,25–50%,14.179555919170298
Burr notional,Traded dollars,12.2,6,50–100%,10.098922382588388
Burr notional,Traded dollars,12.2,7,>100%,6.824445064999693
Burr notional,Traded dollars,12.3,1,0–1%,14.737372174483443
Burr notional,Traded dollars,12.3,2,1–5%,20.387482134292746
Burr notional,Traded dollars,12.3,3,5–10%,13.374431878430048
Burr notional,Traded dollars,12.3,4,10–25%,20.244294070411417
Burr notional,Traded dollars,12.3,5,25–50%,14.207461673469144
Burr notional,Traded dollars,12.3,6,50–100%,10.14927485539316
Burr notional,Traded dollars,12.3,7,>100%,6.899683213520041
Burr notional,Traded dollars,12.4,1,0–1%,14.679294352744932
Burr notional,Traded dollars,12.4,2,1–5%,20.326246383626124
Burr notional,Traded dollars,12.4,3,5–10%,13.349127891225542
Burr notional,Traded dollars,12.4,4,10–25%,20.23653803471408
Burr notional,Traded dollars,12.4,5,25–50%,14.234843692620725
Burr notional,Traded dollars,12.4,6,50–100%,10.199109539960213
Burr notional,Traded dollars,12.4,7,>100%,6.974840105108385
Burr notional,Traded dollars,12.5,1,0–1%,14.621888434902852
Burr notional,Traded dollars,12.5,2,1–5%,20.2655776712238
Burr notional,Traded dollars,12.5,3,5–10%,13.32394323547862
Burr notional,Traded dollars,12.5,4,10–25%,20.228532459434412
Burr notional,Traded dollars,12.5,5,25–50%,14.261712128175658
Burr notional,Traded dollars,12.5,6,50–100%,10.248432827387683
Burr notional,Traded dollars,12.5,7,>100%,7.049913243396977
Burr notional,Traded dollars,12.6,1,0–1%,14.56514153275471
Burr notional,Traded dollars,12.6,2,1–5%,20.205467183212754
Burr notional,Traded dollars,12.6,3,5–10%,13.298877832963118
Burr notional,Traded dollars,12.6,4,10–25%,20.220285322198393
Burr notional,Traded dollars,12.6,5,25–50%,14.288076889780154
Burr notional,Traded dollars,12.6,6,50–100%,10.297251020768838
Burr notional,Traded dollars,12.6,7,>100%,7.124900218322027
Burr notional,Traded dollars,12.7,1,0–1%,14.509041102464248
Burr notional,Traded dollars,12.7,2,1–5%,20.145906296222726
Burr notional,Traded dollars,12.7,3,5–10%,13.273931565004126
Burr notional,Traded dollars,12.7,4,10–25%,20.211804344616485
Burr notional,Traded dollars,12.7,5,25–50%,14.313947652111548
Burr notional,Traded dollars,12.7,6,50–100%,10.345570336110846
Burr notional,Traded dollars,12.7,7,>100%,7.19979870347002
Burr notional,Traded dollars,12.8,1,0–1%,14.453574932795732
Burr notional,Traded dollars,12.8,2,1–5%,20.086886572182618
Burr notional,Traded dollars,12.8,3,5–10%,13.249104274952783
Burr notional,Traded dollars,12.8,4,10–25%,20.20309700169993
Burr notional,Traded dollars,12.8,5,25–50%,14.339333861582723
Burr notional,Traded dollars,12.8,6,50–100%,10.393396903275175
Burr notional,Traded dollars,12.8,7,>100%,7.274606453511039
Burr notional,Traded dollars,12.9,1,0–1%,14.398731133836717
Burr notional,Traded dollars,12.9,2,1–5%,20.028399753286052
Burr notional,Traded dollars,12.9,3,5–10%,13.224395770523046
Burr notional,Traded dollars,12.9,4,10–25%,20.194170530878363
Burr notional,Traded dollars,12.9,5,25–50%,14.36424474282336
Burr notional,Traded dollars,12.9,6,50–100%,10.440736766936382
Burr notional,Traded dollars,12.9,7,>100%,7.34932130171608
Burr notional,Traded dollars,13,1,0–1%,14.34449812618559
Burr notional,Traded dollars,13,2,1–5%,19.970437757118976
Burr notional,Traded dollars,13,3,5–10%,13.199805825999134
Burr notional,Traded dollars,13,4,10–25%,20.185031940637145
Burr notional,Traded dollars,13,5,25–50%,14.388689304947183
Burr notional,Traded dollars,13,6,50–100%,10.487595887556658
Burr notional,Traded dollars,13,7,>100%,7.4239411575553165
Burr notional,Traded dollars,13.1,1,0–1%,14.290864630580957
Burr notional,Traded dollars,13.1,2,1–5%,19.912992671944796
Burr notional,Traded dollars,13.1,3,5–10%,13.175334184320576
Burr notional,Traded dollars,13.1,4,10–25%,20.175688018793004
Burr notional,Traded dollars,13.1,5,25–50%,14.412676347612463
Burr notional,Traded dollars,13.1,6,50–100%,10.533980142373625
Burr notional,Traded dollars,13.1,7,>100%,7.49846400437458
Burr notional,Traded dollars,13.2,1,0–1%,14.237819657952233
Burr notional,Traded dollars,13.2,2,1–5%,19.856056752139818
Burr notional,Traded dollars,13.2,3,5–10%,13.15098055905225
Burr notional,Traded dollars,13.2,4,10–25%,20.166145340425267
Burr notional,Traded dollars,13.2,5,25–50%,14.436214466884072
Burr notional,Traded dollars,13.2,6,50–100%,10.579895326399285
Burr notional,Traded dollars,13.2,7,>100%,7.572887897147075
Burr notional,Traded dollars,13.3,1,0–1%,14.185352499870918
Burr notional,Traded dollars,13.3,2,1–5%,19.799622413774554
Burr notional,Traded dollars,13.3,3,5–10%,13.126744636246135
Burr notional,Traded dollars,13.3,4,10–25%,20.156410275478866
Burr notional,Traded dollars,13.3,5,25–50%,14.459312060904
Burr notional,Traded dollars,13.3,6,50–100%,10.625347153427647
Burr notional,Traded dollars,13.3,7,>100%,7.6472109602978815
Burr notional,Traded dollars,13.4,1,0–1%,14.133452719383788
Burr notional,Traded dollars,13.4,2,1–5%,19.743682230335125
Burr notional,Traded dollars,13.4,3,5–10%,13.102626076200663
Burr notional,Traded dollars,13.4,4,10–25%,20.146488996054764
Burr notional,Traded dollars,13.4,5,25–50%,14.481977335377621
Burr notional,Traded dollars,13.4,6,50–100%,10.67034125704946
Burr notional,Traded dollars,13.4,7,>100%,7.721431385598581
Burr notional,Traded dollars,13.5,1,0–1%,14.082110142210013
Burr notional,Traded dollars,13.5,2,1–5%,19.6882289285799
Burr notional,Traded dollars,13.5,3,5–10%,13.078624515123638
Burr notional,Traded dollars,13.5,4,10–25%,20.13638748340233
Burr notional,Traded dollars,13.5,5,25–50%,14.504218308882578
Burr notional,Traded dollars,13.5,6,50–100%,10.714883191671971
Burr notional,Traded dollars,13.5,7,>100%,7.795547430129572
Burr notional,Traded dollars,13.6,1,0–1%,14.031314848285215
Burr notional,Traded dollars,13.6,2,1–5%,19.63325538452625
Burr notional,Traded dollars,13.6,3,5–10%,13.054739566704555
Burr notional,Traded dollars,13.6,4,10–25%,20.126111534627494
Burr notional,Traded dollars,13.6,5,25–50%,14.52604281800661
Burr notional,Traded dollars,13.6,6,50–100%,10.758978433542135
Burr notional,Traded dollars,13.6,7,>100%,7.869557414307743
Burr notional,Traded dollars,13.7,1,0–1%,13.98105716363639
Burr notional,Traded dollars,13.7,2,1–5%,19.57875461956323
Burr notional,Traded dollars,13.7,3,5–10%,13.030970823600718
Burr notional,Traded dollars,13.7,4,10–25%,20.11566676912996
Burr notional,Traded dollars,13.7,5,25–50%,14.547458522320472
Burr notional,Traded dollars,13.7,6,50–100%,10.802632381772042
Burr notional,Traded dollars,13.7,7,>100%,7.943459719977186
Burr notional,Traded dollars,13.8,1,0–1%,13.93132765257259
Burr notional,Traded dollars,13.8,2,1–5%,19.524719796684977
Burr notional,Traded dollars,13.8,3,5–10%,13.007317858842748
Burr notional,Traded dollars,13.8,4,10–25%,20.10505863478182
Burr notional,Traded dollars,13.8,5,25–50%,14.568472909192465
Burr notional,Traded dollars,13.8,6,50–100%,10.845850359364679
Burr notional,Traded dollars,13.8,7,>100%,8.017252788560725
Burr notional,Traded dollars,13.9,1,0–1%,13.882117110176706
Burr notional,Traded dollars,13.9,2,1–5%,19.471144216841218
Burr notional,Traded dollars,13.9,3,5–10%,12.983780227163589
Burr notional,Traded dollars,13.9,4,10–25%,20.09429241385944
Burr notional,Traded dollars,13.9,5,25–50%,14.58909329844963
Burr notional,Traded dollars,13.9,6,50–100%,10.888637614239155
Burr notional,Traded dollars,13.9,7,>100%,8.090935119270265
Burr notional,Traded dollars,14,1,0–1%,13.833416555084943
Burr notional,Traded dollars,14,2,1–5%,19.41802131540037
Burr notional,Traded dollars,14,3,5–10%,12.960357466255179
Burr notional,Traded dollars,14,4,10–25%,20.083373228739926
Burr notional,Traded dollars,14,5,25–50%,14.60932684689161
Burr notional,Traded dollars,14,6,50–100%,10.930999320254143
Burr notional,Traded dollars,14,7,>100%,8.16450526737383
Burr notional,Traded dollars,14.1,1,0–1%,13.785217222541114
Burr notional,Traded dollars,14.1,2,1–5%,19.365344658721007
Burr notional,Traded dollars,14.1,3,5–10%,12.937049097957221
Burr notional,Traded dollars,14.1,4,10–25%,20.072306047372702
Burr notional,Traded dollars,14.1,5,25–50%,14.629180552662355
Burr notional,Traded dollars,14.1,6,50–100%,10.972940578228254
Burr notional,Traded dollars,14.1,7,>100%,8.23796184251735
Burr notional,Traded dollars,14.2,1,0–1%,13.73751055771285
Burr notional,Traded dollars,14.2,2,1–5%,19.3131079408288
Burr notional,Traded dollars,14.2,3,5–10%,12.913854629381527
Burr notional,Traded dollars,14.2,4,10–25%,20.061095688535914
Burr notional,Traded dollars,14.2,5,25–50%,14.648661259484697
Burr notional,Traded dollars,14.2,6,50–100%,11.014466416956875
Burr notional,Traded dollars,14.2,7,>100%,8.311303507099337
Burr notional,Traded dollars,14.3,1,0–1%,13.690288209259126
Burr notional,Traded dollars,14.3,2,1–5%,19.261304980193785
Burr notional,Traded dollars,14.3,3,5–10%,12.890773553975322
Burr notional,Traded dollars,14.3,4,10–25%,20.04974682688847
Burr notional,Traded dollars,14.3,5,25–50%,14.667775660762794
Burr notional,Traded dollars,14.3,6,50–100%,11.055581794223816
Burr notional,Traded dollars,14.3,7,>100%,8.38452897469669
Burr notional,Traded dollars,14.4,1,0–1%,13.643542023136913
Burr notional,Traded dollars,14.4,2,1–5%,19.209929716606066
Burr notional,Traded dollars,14.4,3,5–10%,12.86780535252735
Burr notional,Traded dollars,14.4,4,10–25%,20.038263997825023
Burr notional,Traded dollars,14.4,5,25–50%,14.68653030355695
Burr notional,Traded dollars,14.4,6,50–100%,11.096291597807985
Burr notional,Traded dollars,14.4,7,>100%,8.457637008539713
Burr notional,Traded dollars,14.5,1,0–1%,13.597264036637435
Burr notional,Traded dollars,14.5,2,1–5%,19.158976208145063
Burr notional,Traded dollars,14.5,3,5–10%,12.84494949411945
Burr notional,Traded dollars,14.5,4,10–25%,20.026651602144373
Burr notional,Traded dollars,14.5,5,25–50%,14.70493159243561
Burr notional,Traded dollars,14.5,6,50–100%,11.136600646483195
Burr notional,Traded dollars,14.5,7,>100%,8.530626420034872
Burr notional,Traded dollars,14.6,1,0–1%,13.551446472641349
Burr notional,Traded dollars,14.6,2,1–5%,19.108438628240055
Burr notional,Traded dollars,14.6,3,5–10%,12.822205437026824
Burr notional,Traded dollars,14.6,4,10–25%,20.014913910538052
Burr notional,Traded dollars,14.6,5,25–50%,14.72298579320859
Burr notional,Traded dollars,14.6,6,50–100%,11.176513691011579
Burr notional,Traded dollars,14.6,7,>100%,8.603496067333554
Burr notional,Traded dollars,14.7,1,0–1%,13.50608173408383
Burr notional,Traded dollars,14.7,2,1–5%,19.058311262818517
Burr notional,Traded dollars,14.7,3,5–10%,12.799572629569544
Burr notional,Traded dollars,14.7,4,10–25%,20.003055067907876
Burr notional,Traded dollars,14.7,5,25–50%,14.740699036545902
Burr notional,Traded dollars,14.7,6,50–100%,11.21603541512907
Burr notional,Traded dollars,14.7,7,>100%,8.67624485394526
Burr notional,Traded dollars,14.8,1,0–1%,13.46116239862022
Burr notional,Traded dollars,14.8,2,1–5%,19.008588507539102
Burr notional,Traded dollars,14.8,3,5–10%,12.777050510918276
Burr notional,Traded dollars,14.8,4,10–25%,19.991079097519528
Burr notional,Traded dollars,14.8,5,25–50%,14.758077321485946
Burr notional,Traded dollars,14.8,6,50–100%,11.25517043652316
Burr notional,Traded dollars,14.8,7,>100%,8.748871727393768
Burr notional,Traded dollars,14.9,1,0–1%,13.41668121348414
Burr notional,Traded dollars,14.9,2,1–5%,18.959264865106483
Burr notional,Traded dollars,14.9,3,5–10%,12.754638511856442
Burr notional,Traded dollars,14.9,4,10–25%,19.978989904998894
Burr notional,Traded dollars,14.9,5,25–50%,14.77512651883738
Burr notional,Traded dollars,14.9,6,50–100%,11.29392330780179
Burr notional,Traded dollars,14.9,7,>100%,8.821375677914869
Burr notional,Traded dollars,15,1,0–1%,13.372631090529275
Burr notional,Traded dollars,15,2,1–5%,18.910334942665397
Burr notional,Traded dollars,15,3,5–10%,12.73233605550116
Burr notional,Traded dollars,15,4,10–25%,19.966791282178885
Burr notional,Traded dollars,15,5,25–50%,14.791852374477477
Burr notional,Traded dollars,15,6,50–100%,11.332298517453662
Burr notional,Traded dollars,15,7,>100%,8.893755737194144
Burr count calibrated,Parent orders,0.1,1,0–1%,100
Burr count calibrated,Parent orders,0.1,2,1–5%,8.222645786096742e-74
Burr count calibrated,Parent orders,0.1,3,5–10%,6.365423111571334e-133
Burr count calibrated,Parent orders,0.1,4,10–25%,2.218319772981127e-158
Burr count calibrated,Parent orders,0.1,5,25–50%,4.9276399033136826e-192
Burr count calibrated,Parent orders,0.1,6,50–100%,1.7172591418584424e-217
Burr count calibrated,Parent orders,0.1,7,>100%,5.984566685387178e-243
Burr count calibrated,Parent orders,0.2,1,0–1%,100
Burr count calibrated,Parent orders,0.2,2,1–5%,5.7192176925768344e-33
Burr count calibrated,Parent orders,0.2,3,5–10%,1.4070400639745174e-64
Burr count calibrated,Parent orders,0.2,4,10–25%,3.427920959576382e-78
Burr count calibrated,Parent orders,0.2,5,25–50%,3.4614593450789028e-96
Burr count calibrated,Parent orders,0.2,6,50–100%,8.43302855159224e-110
Burr count calibrated,Parent orders,0.2,7,>100%,2.0545083290686625e-123
Burr count calibrated,Parent orders,0.3,1,0–1%,100
Burr count calibrated,Parent orders,0.3,2,1–5%,4.4986665890195293e-20
Burr count calibrated,Parent orders,0.3,3,5–10%,5.4444280902245145e-42
Burr count calibrated,Parent orders,0.3,4,10–25%,1.9803426453759435e-51
Burr count calibrated,Parent orders,0.3,5,25–50%,6.588414279617469e-64
Burr count calibrated,Parent orders,0.3,6,50–100%,2.3964533141851052e-73
Burr count calibrated,Parent orders,0.3,7,>100%,8.716799286475646e-83
Burr count calibrated,Parent orders,0.4,1,0–1%,99.99999999999993
Burr count calibrated,Parent orders,0.4,2,1–5%,7.053491474222457e-14
Burr count calibrated,Parent orders,0.4,3,5–10%,8.828605110954785e-31
Burr count calibrated,Parent orders,0.4,4,10–25%,4.638153505679448e-38
Burr count calibrated,Parent orders,0.4,5,25–50%,1.1048603822766513e-47
Burr count calibrated,Parent orders,0.4,6,50–100%,5.804441030145379e-55
Burr count calibrated,Parent orders,0.4,7,>100%,3.049393206860224e-62
Burr count calibrated,Parent orders,0.5,1,0–1%,99.9999999997213
Burr count calibrated,Parent orders,0.5,2,1–5%,2.7871132047308114e-10
Burr count calibrated,Parent orders,0.5,3,5–10%,4.242446359556963e-24
Burr count calibrated,Parent orders,0.5,4,10–25%,4.749822151022722e-30
Burr count calibrated,Parent orders,0.5,5,25–50%,6.455988688836045e-38
Burr count calibrated,Parent orders,0.5,6,50–100%,7.228085270666011e-44
Burr count calibrated,Parent orders,0.5,7,>100%,8.092528920295078e-50
Burr count calibrated,Parent orders,0.6,1,0–1%,99.9999999403699
Burr count calibrated,Parent orders,0.6,2,1–5%,5.96300871347479e-8
Burr count calibrated,Parent orders,0.6,3,5–10%,1.136759809771836e-19
Burr count calibrated,Parent orders,0.6,4,10–25%,1.018965414810152e-24
Burr count calibrated,Parent orders,0.6,5,25–50%,2.1662386806977846e-31
Burr count calibrated,Parent orders,0.6,6,50–100%,1.9417496532404515e-36
Burr count calibrated,Parent orders,0.6,7,>100%,1.740540202881923e-41
Burr count calibrated,Parent orders,0.7,1,0–1%,99.99999749942718
Burr count calibrated,Parent orders,0.7,2,1–5%,0.000002500572819411689
Burr count calibrated,Parent orders,0.7,3,5–10%,1.5899490972721488e-16
Burr count calibrated,Parent orders,0.7,4,10–25%,6.4542553995085444e-21
Burr count calibrated,Parent orders,0.7,5,25–50%,1.010440043951569e-26
Burr count calibrated,Parent orders,0.7,6,50–100%,4.101630390727741e-31
Burr count calibrated,Parent orders,0.7,7,>100%,1.6650225704696536e-35
Burr count calibrated,Parent orders,0.8,1,0–1%,99.99996136244465
Burr count calibrated,Parent orders,0.8,2,1–5%,0.0000386375553038083
Burr count calibrated,Parent orders,0.8,3,5–10%,3.538303946257977e-14
Burr count calibrated,Parent orders,0.8,4,10–25%,4.5309707476032295e-18
Burr count calibrated,Parent orders,0.8,5,25–50%,3.238373283446384e-23
Burr count calibrated,Parent orders,0.8,6,50–100%,4.146393536325086e-27
Burr count calibrated,Parent orders,0.8,7,>100%,5.309697018348802e-31
Burr count calibrated,Parent orders,0.9,1,0–1%,99.99968946016828
Burr count calibrated,Parent orders,0.9,2,1–5%,0.00031053982939344203
Burr count calibrated,Parent orders,0.9,3,5–10%,2.322493951154668e-12
Burr count calibrated,Parent orders,0.9,4,10–25%,7.348906498187024e-16
Burr count calibrated,Parent orders,0.9,5,25–50%,1.73593564105122e-20
Burr count calibrated,Parent orders,0.9,6,50–100%,5.4912928319645124e-24
Burr count calibrated,Parent orders,0.9,7,>100%,1.7376127313365367e-27
Burr count calibrated,Parent orders,1,1,0–1%,99.99840841513597
Burr count calibrated,Parent orders,1,2,1–5%,0.00159158479893753
Burr count calibrated,Parent orders,1,3,5–10%,6.504313804140772e-11
Burr count calibrated,Parent orders,1,4,10–25%,4.2782061693806785e-14
Burr count calibrated,Parent orders,1,5,25–50%,2.6568416973130783e-18
Burr count calibrated,Parent orders,1,6,50–100%,1.7464948194381303e-21
Burr count calibrated,Parent orders,1,7,>100%,1.1488266603241438e-24
Burr count calibrated,Parent orders,1.1,1,0–1%,99.99408921302563
Burr count calibrated,Parent orders,1.1,2,1–5%,0.005910785990809271
Burr count calibrated,Parent orders,1.1,3,5–10%,9.82365220697658e-10
Burr count calibrated,Parent orders,1.1,4,10–25%,1.1830006948457153e-12
Burr count calibrated,Parent orders,1.1,5,25–50%,1.632381653241796e-16
Burr count calibrated,Parent orders,1.1,6,50–100%,1.9636811036838144e-19
Burr count calibrated,Parent orders,1.1,7,>100%,2.365064384016144e-22
Burr count calibrated,Parent orders,1.2,1,0–1%,99.9826989771438
Burr count calibrated,Parent orders,1.2,2,1–5%,0.017301013487610463
Burr count calibrated,Parent orders,1.2,3,5–10%,9.349864166502045e-9
Burr count calibrated,Parent orders,1.2,4,10–25%,1.8726467905356786e-11
Burr count calibrated,Parent orders,1.2,5,25–50%,5.0545956186705924e-15
Burr count calibrated,Parent orders,1.2,6,50–100%,1.0106137934771836e-17
Burr count calibrated,Parent orders,1.2,7,>100%,2.0246652182868382e-20
Burr count calibrated,Parent orders,1.3,1,0–1%,99.95772649748442
Burr count calibrated,Parent orders,1.3,2,1–5%,0.042273439877084415
Burr count calibrated,Parent orders,1.3,3,5–10%,6.244532154467368e-8
Burr count calibrated,Parent orders,1.3,4,10–25%,1.930876043535183e-10
Burr count calibrated,Parent orders,1.3,5,25–50%,9.23464419617292e-14
Burr count calibrated,Parent orders,1.3,6,50–100%,2.8480098443269885e-16
Burr count calibrated,Parent orders,1.3,7,>100%,8.810575161678938e-19
Burr count calibrated,Parent orders,1.4,1,0–1%,99.91020511327345
Burr count calibrated,Parent orders,1.4,2,1–5%,0.08979456934366666
Burr count calibrated,Parent orders,1.4,3,5–10%,3.159597327654592e-7
Burr count calibrated,Parent orders,1.4,4,10–25%,1.422025533536578e-9
Burr count calibrated,Parent orders,1.4,5,25–50%,1.1142126034745819e-12
Burr count calibrated,Parent orders,1.4,6,50–100%,4.996128938323377e-15
Burr count calibrated,Parent orders,1.4,7,>100%,2.250354636931945e-17
Burr count calibrated,Parent orders,1.5,1,0–1%,99.8292363159622
Burr count calibrated,Parent orders,1.5,2,1–5%,0.17076239503695922
Burr count calibrated,Parent orders,1.5,3,5–10%,0.000001280988265969107
Burr count calibrated,Parent orders,1.5,4,10–25%,8.002858126298714e-9
Burr count calibrated,Parent orders,1.5,5,25–50%,9.643909075628317e-12
Burr count calibrated,Parent orders,1.5,6,50–100%,5.994753306205187e-14
Burr count calibrated,Parent orders,1.5,7,>100%,3.749709036563345e-16
Burr count calibrated,Parent orders,1.6,1,0–1%,99.70284908835326
Burr count calibrated,Parent orders,1.6,2,1–5%,0.29714653569376553
Burr count calibrated,Parent orders,1.6,3,5–10%,0.000004339685428942953
Burr count calibrated,Parent orders,1.6,4,10–25%,3.620329917729642e-8
Burr count calibrated,Parent orders,1.6,5,25–50%,6.371451925282028e-11
Burr count calibrated,Parent orders,1.6,6,50–100%,5.280607851224549e-13
Burr count calibrated,Parent orders,1.6,7,>100%,4.413100521000126e-15
Burr count calibrated,Parent orders,1.7,1,0–1%,99.51897387292303
Burr count calibrated,Parent orders,1.7,2,1–5%,0.4810133053817213
Burr count calibrated,Parent orders,1.7,3,5–10%,0.000012684514916089018
Burr count calibrated,Parent orders,1.7,4,10–25%,1.3683975720326842e-7
Burr count calibrated,Parent orders,1.7,5,25–50%,3.369441891916132e-10
Burr count calibrated,Parent orders,1.7,6,50–100%,3.6049927031644735e-12
Burr count calibrated,Parent orders,1.7,7,>100%,3.8987231405020986e-14
Burr count calibrated,Parent orders,1.8,1,0–1%,99.26634231680679
Burr count calibrated,Parent orders,1.8,2,1–5%,0.733624443099155
Burr count calibrated,Parent orders,1.8,3,5–10%,0.00003279325433160226
Burr count calibrated,Parent orders,1.8,4,10–25%,4.4533952865329647e-7
Burr count calibrated,Parent orders,1.8,5,25–50%,1.4800342279863003e-9
Burr count calibrated,Parent orders,1.8,6,50–100%,1.9895793760945907e-11
Burr count calibrated,Parent orders,1.8,7,>100%,2.71099369826359e-13
Burr count calibrated,Parent orders,1.9,1,0–1%,98.93519489981126
Burr count calibrated,Parent orders,1.9,2,1–5%,1.0647273459330082
Burr count calibrated,Parent orders,1.9,3,5–10%,0.00007647074271744091
Burr count calibrated,Parent orders,1.9,4,10–25%,0.0000012778597828269812
Burr count calibrated,Parent orders,1.9,5,25–50%,5.559904690660402e-9
Burr count calibrated,Parent orders,1.9,6,50–100%,9.177902170197275e-11
Burr count calibrated,Parent orders,1.9,7,>100%,1.5404526769347406e-12
Burr count calibrated,Parent orders,2,1,0–1%,98.51774962897103
Burr count calibrated,Parent orders,2,2,1–5%,1.4820836776472697
Burr count calibrated,Parent orders,2,3,5–10%,0.0001633799854539797
Burr count calibrated,Parent orders,2,4,10–25%,0.0000032947401399849786
Burr count calibrated,Parent orders,2,5,25–50%,1.8285276126947375e-8
Burr count calibrated,Parent orders,2,6,50–100%,3.634599063714778e-10
Burr count calibrated,Parent orders,2,7,>100%,7.371077903797935e-12
Burr count calibrated,Parent orders,2.1,1,0–1%,98.00843756604259
Burr count calibrated,Parent orders,2.1,2,1–5%,1.991230747047112
Burr count calibrated,Parent orders,2.1,3,5–10%,0.0003238808205492092
Burr count calibrated,Parent orders,2.1,4,10–25%,0.000007751142640455387
Burr count calibrated,Parent orders,2.1,5,25–50%,5.36539574371274e-8
Burr count calibrated,Parent orders,2.1,6,50–100%,1.2627196330317278e-9
Burr count calibrated,Parent orders,2.1,7,>100%,3.0433731640468016e-11
Burr count calibrated,Parent orders,2.2,1,0–1%,97.40394143882763
Burr count calibrated,Parent orders,2.2,2,1–5%,2.595439644740992
Burr count calibrated,Parent orders,2.2,3,5–10%,0.0006019211649818577
Burr count calibrated,Parent orders,2.2,4,10–25%,0.000016848577841576487
Burr count calibrated,Parent orders,2.2,5,25–50%,1.4266053847158967e-7
Burr count calibrated,Parent orders,2.2,6,50–100%,3.917416826351157e-9
Burr count calibrated,Parent orders,2.2,7,>100%,1.106083992444488e-10
Burr count calibrated,Parent orders,2.3,1,0–1%,96.70308590813302
Burr count calibrated,Parent orders,2.3,2,1–5%,3.29582184291796
Burr count calibrated,Parent orders,2.3,3,5–10%,0.0010576985262120105
Burr count calibrated,Parent orders,2.3,4,10–25%,0.000034190892672244124
Burr count calibrated,Parent orders,2.3,5,25–50%,3.481573537655743e-7
Burr count calibrated,Parent orders,2.3,6,50–100%,1.101304114066641e-8
Burr count calibrated,Parent orders,2.3,7,>100%,3.597482461487085e-10
Burr count calibrated,Parent orders,2.4,1,0–1%,95.90662830622097
Burr count calibrated,Parent orders,2.4,2,1–5%,4.091535711605969
Burr count calibrated,Parent orders,2.4,3,5–10%,0.0017698284468589912
Burr count calibrated,Parent orders,2.4,4,10–25%,0.00006533602106186155
Burr count calibrated,Parent orders,2.4,5,25–50%,7.882417633728491e-7
Burr count calibrated,Parent orders,2.4,6,50–100%,2.8401759575640068e-8
Burr count calibrated,Parent orders,2.4,7,>100%,1.0616181603494002e-9
Burr count calibrated,Parent orders,2.5,1,0–1%,95.01699231735633
Burr count calibrated,Parent orders,2.5,2,1–5%,4.9800507069527535
Burr count calibrated,Parent orders,2.5,3,5–10%,0.002836811771298899
Burr count calibrated,Parent orders,2.5,4,10–25%,0.00011842261538188885
Burr count calibrated,Parent orders,2.5,5,25–50%,0.0000016705420982669039
Burr count calibrated,Parent orders,2.5,6,50–100%,6.788654497184623e-8
Burr count calibrated,Parent orders,2.5,7,>100%,2.875591688264268e-9
Burr count calibrated,Parent orders,2.6,1,0–1%,94.03797809593708
Burr count calibrated,Parent orders,2.6,2,1–5%,5.957435896114792
Burr count calibrated,Parent orders,2.6,3,5–10%,0.004377668960954813
Burr count calibrated,Parent orders,2.6,4,10–25%,0.0002048406241262057
Burr count calibrated,Parent orders,2.6,5,25–50%,0.0000033394349920530103
Burr count calibrated,Parent orders,2.6,6,50–100%,1.5170807041803248e-7
Burr count calibrated,Parent orders,2.6,7,>100%,7.219984395059354e-9
Burr count calibrated,Parent orders,2.7,1,0–1%,92.97447314998809
Burr count calibrated,Parent orders,2.7,2,1–5%,7.01864857594146
Burr count calibrated,Parent orders,2.7,3,5–10%,0.006531691871936455
Burr count calibrated,Parent orders,2.7,4,10–25%,0.00033990836327381884
Burr count calibrated,Parent orders,2.7,5,25–50%,0.0000063375543553112234
Burr count calibrated,Parent orders,2.7,6,50–100%,3.1933639183458345e-7
Burr count calibrated,Parent orders,2.7,7,>100%,1.6944506125994618e-8
Burr count calibrated,Parent orders,2.8,1,0–1%,91.83218022509192
Burr count calibrated,Parent orders,2.8,2,1–5%,8.157806762839554
Burr count calibrated,Parent orders,2.8,3,5–10%,0.009457339169407981
Burr count calibrated,Parent orders,2.8,4,10–25%,0.0005435162510148977
Burr count calibrated,Parent orders,2.8,5,25–50%,0.000011482014046591989
Burr count calibrated,Parent orders,2.8,6,50–100%,6.371951871394339e-7
Burr count calibrated,Parent orders,2.8,7,>100%,3.743886474957281e-8
Burr count calibrated,Parent orders,2.9,1,0–1%,90.61737190099154
Burr count calibrated,Parent orders,2.9,2,1–5%,9.36843579214477
Burr count calibrated,Parent orders,2.9,3,5–10%,0.013330362912734194
Burr count calibrated,Parent orders,2.9,4,10–25%,0.0008406990050144232
Burr count calibrated,Parent orders,2.9,5,25–50%,0.000019954672979156332
Burr count calibrated,Parent orders,2.9,6,50–100%,0.0000012119105881107206
Burr count calibrated,Parent orders,2.9,7,>100%,7.836236958713353e-8
Burr count calibrated,Parent orders,3,1,0–1%,89.33667670540946
Burr count calibrated,Parent orders,3,2,1–5%,10.643684126019508
Burr count calibrated,Parent orders,3,3,5–10%,0.01834129706864758
Burr count calibrated,Parent orders,3,4,10–25%,0.0012621030616692213
Burr count calibrated,Parent orders,3,5,25–50%,0.00003340465266175303
Burr count calibrated,Parent orders,3,6,50–100%,0.0000022075750940222222
Burr count calibrated,Parent orders,3,7,>100%,1.5621295889503336e-7
Burr count calibrated,Parent orders,3.1,1,0–1%,87.99689807734971
Burr count calibrated,Parent orders,3.1,2,1–5%,11.976506910261332
Burr count calibrated,Parent orders,3.1,3,5–10%,0.02469246346984092
Burr count calibrated,Parent orders,3.1,4,10–25%,0.001844323288125971
Burr count calibrated,Parent orders,3.1,5,25–50%,0.00005406029767920791
Burr count calibrated,Parent orders,3.1,6,50–100%,0.000003867354554494124
Burr count calibrated,Parent orders,3.1,7,>100%,2.9797876591849414e-7
Burr count calibrated,Parent orders,3.2,1,0–1%,86.60486520996274
Burr count calibrated,Parent orders,3.2,2,1–5%,13.359818106732702
Burr count calibrated,Parent orders,3.2,3,5–10%,0.03259465901403252
Burr count calibrated,Parent orders,3.2,4,10–25%,0.0026300916573200363
Burr count calibrated,Parent orders,3.2,5,25–50%,0.0000848469504975295
Burr count calibrated,Parent orders,3.2,6,50–100%,0.000006539555641190021
Burr count calibrated,Parent orders,3.2,7,>100%,5.461270683634848e-7
Burr count calibrated,Parent orders,3.3,1,0–1%,85.16731339782389
Burr count calibrated,Parent orders,3.3,2,1–5%,14.786613430207776
Burr count calibrated,Parent orders,3.3,3,5–10%,0.04226368293236682
Burr count calibrated,Parent orders,3.3,4,10–25%,0.00366830946344629
Burr count calibrated,Parent orders,3.3,5,25–50%,0.00012950636011420635
Burr count calibrated,Parent orders,3.3,6,50–100%,0.000010708031074043671
Burr count calibrated,Parent orders,3.3,7,>100%,9.651813321675505e-7
Burr count calibrated,Parent orders,3.4,1,0–1%,83.69079076195543
Burr count calibrated,Parent orders,3.4,2,1–5%,16.25006707660681
Burr count calibrated,Parent orders,3.4,3,5–10%,0.05391684840869686
Burr count calibrated,Parent orders,3.4,4,10–25%,0.00501392307298587
Burr count calibrated,Parent orders,3.4,5,25–50%,0.0001927132891781586
Burr count calibrated,Parent orders,3.4,6,50–100%,0.000017026551196577746
Burr count calibrated,Parent orders,3.4,7,>100%,0.0000016501157058248076
Burr count calibrated,Parent orders,3.5,1,0–1%,82.18158792868336
Burr count calibrated,Parent orders,3.5,2,1–5%,17.743605540322363
Burr count calibrated,Parent orders,3.5,3,5–10%,0.06776960221581223
Burr count calibrated,Parent orders,3.5,4,10–25%,0.006727650564379134
Burr count calibrated,Parent orders,3.5,5,25–50%,0.00028018492199584875
Burr count calibrated,Parent orders,3.5,6,50–100%,0.00002635653404169228
Burr count calibrated,Parent orders,3.5,7,>100%,0.000002736758060384423
Burr count calibrated,Parent orders,3.6,1,0–1%,80.64568724095315
Burr count calibrated,Parent orders,3.6,2,1–5%,19.260961833469487
Burr count calibrated,Parent orders,3.6,3,5–10%,0.0840323523790303
Burr count calibrated,Parent orders,3.6,4,10–25%,0.008875572564037534
Burr count calibrated,Parent orders,3.6,5,25–50%,0.000398778975112896
Burr count calibrated,Parent orders,3.6,6,50–100%,0.00003980731981610494
Burr count calibrated,Parent orders,3.6,7,>100%,0.000004414339370678904
Burr count calibrated,Parent orders,3.7,1,0–1%,79.08872826849303
Burr count calibrated,Parent orders,3.7,2,1–5%,20.796213251738678
Burr count calibrated,Parent orders,3.7,3,5–10%,0.1029075795763685
Burr count calibrated,Parent orders,3.7,4,10–25%,0.011528604992902022
Burr count calibrated,Parent orders,3.7,5,25–50%,0.0005565769235380602
Burr count calibrated,Parent orders,3.7,6,50–100%,0.00005877801347392525
Burr count calibrated,Parent orders,3.7,7,>100%,0.0000069402620176063765
Burr count calibrated,Parent orders,3.8,1,0–1%,77.5159866745129
Burr count calibrated,Parent orders,3.8,2,1–5%,22.343805560082604
Burr count calibrated,Parent orders,3.8,3,5–10%,0.12458728477966258
Burr count calibrated,Parent orders,3.8,4,10–25%,0.014761874308669584
Burr count calibrated,Parent orders,3.8,5,25–50%,0.0007629494203398173
Burr count calibrated,Parent orders,3.8,6,50–100%,0.00008499980939281857
Burr count calibrated,Parent orders,3.8,7,>100%,0.000010657086426652323
Burr count calibrated,Parent orders,3.9,1,0–1%,75.93236383537378
Burr count calibrated,Parent orders,3.9,2,1–5%,23.89856615159504
Burr count calibrated,Parent orders,3.9,3,5–10%,0.14925080468068527
Burr count calibrated,Parent orders,3.9,4,10–25%,0.018654017288551938
Burr count calibrated,Parent orders,3.9,5,25–50%,0.0010286017445834837
Burr count calibrated,Parent orders,3.9,6,50–100%,0.00012057765865243585
Burr count calibrated,Parent orders,3.9,7,>100%,0.000016011658711799322
Burr count calibrated,Parent orders,4,1,0–1%,74.34238495894446
Burr count calibrated,Parent orders,4,2,1–5%,25.45570840075957
Burr count calibrated,Parent orders,4,3,5–10%,0.17706300838311745
Burr count calibrated,Parent orders,4,4,10–25%,0.023286427640256784
Burr count calibrated,Parent orders,4,5,25–50%,0.0013655979055732024
Burr count calibrated,Parent orders,4,6,50–100%,0.00016803014100590005
Burr count calibrated,Parent orders,4,7,>100%,0.000023576226015480754
Burr count calibrated,Parent orders,4.1,1,0–1%,72.75020378417547
Burr count calibrated,Parent orders,4.1,2,1–5%,27.01082911031708
Burr count calibrated,Parent orders,4.1,3,5–10%,0.20817287394226192
Burr count calibrated,Parent orders,4.1,4,10–25%,0.02874247098351884
Burr count calibrated,Parent orders,4.1,5,25–50%,0.00178736281107853
Burr count calibrated,Parent orders,4.1,6,50–100%,0.00023032645558518038
Burr count calibrated,Parent orders,4.1,7,>100%,0.000034071315004897796
Burr count calibrated,Parent orders,4.2,1,0–1%,71.15961225551527
Burr count calibrated,Parent orders,4.2,2,1–5%,28.55990065239119
Burr count calibrated,Parent orders,4.2,3,5–10%,0.2427124315869058
Burr count calibrated,Parent orders,4.2,4,10–25%,0.0351066882469832
Burr count calibrated,Parent orders,4.2,5,25–50%,0.0023086626345172737
Burr count calibrated,Parent orders,4.2,6,50–100%,0.00031091953927322465
Burr count calibrated,Parent orders,4.2,7,>100%,0.00004839008585806342
Burr count calibrated,Parent orders,4.3,1,0–1%,69.57405384458907
Burr count calibrated,Parent orders,4.3,2,1–5%,30.099259135815927
Burr count calibrated,Parent orders,4.3,3,5–10%,0.2807960516608638
Burr count calibrated,Parent orders,4.3,4,10–25%,0.04246400549967418
Burr count calibrated,Parent orders,4.3,5,25–50%,0.002945564162363193
Burr count calibrated,Parent orders,4.3,6,50–100%,0.00041377445046887824
Burr count calibrated,Parent orders,4.3,7,>100%,0.00006762382162121768
Burr count calibrated,Parent orders,4.4,1,0–1%,67.99663943583332
Burr count calibrated,Parent orders,4.4,2,1–5%,31.62558969519113
Burr count calibrated,Parent orders,4.4,3,5–10%,0.3225200491610902
Burr count calibrated,Parent orders,4.4,4,10–25%,0.050898965882793516
Burr count calibrated,Parent orders,4.4,5,25–50%,0.003715374449949195
Burr count calibrated,Parent orders,4.4,6,50–100%,0.0005433913089503548
Burr count calibrated,Parent orders,4.4,7,>100%,0.0000930881727661117
Burr count calibrated,Parent orders,4.5,1,0–1%,66.43016490306
Burr count calibrated,Parent orders,4.5,2,1–5%,33.13590979273787
Burr count calibrated,Parent orders,4.5,3,5–10%,0.36796257285417017
Burr count calibrated,Parent orders,4.5,4,10–25%,0.06049499679582665
Burr count calibrated,Parent orders,4.5,5,25–50%,0.004636562552007073
Burr count calibrated,Parent orders,4.5,6,50–100%,0.0007048222501083251
Burr count calibrated,Parent orders,4.5,7,>100%,0.00012634975000860865
Burr count calibrated,Parent orders,4.6,1,0–1%,64.87712968235739
Burr count calibrated,Parent orders,4.6,2,1–5%,34.62755124965482
Burr count calibrated,Parent orders,4.6,3,5–10%,0.41718374493773575
Burr count calibrated,Parent orders,4.6,4,10–25%,0.07133372295793086
Burr count calibrated,Parent orders,4.6,5,25–50%,0.005728665421945744
Burr count calibrated,Parent orders,4.6,6,50–100%,0.000903682025081418
Burr count calibrated,Parent orders,4.6,7,>100%,0.0001692526450927996
Burr count calibrated,Parent orders,4.7,1,0–1%,63.33975579630263
Burr count calibrated,Parent orders,4.7,2,1–5%,36.09814157667213
Burr count calibrated,Parent orders,4.7,3,5–10%,0.47022601670522407
Burr count calibrated,Parent orders,4.7,4,10–25%,0.08349433351657878
Burr count calibrated,Parent orders,4.7,5,25–50%,0.007012180295155248
Burr count calibrated,Parent orders,4.7,6,50–100%,0.0011461520495138148
Burr count calibrated,Parent orders,4.7,7,>100%,0.00022394445876878239
Burr count calibrated,Parent orders,4.8,1,0–1%,61.82000690850676
Burr count calibrated,Parent orders,4.8,2,1–5%,37.545585050789526
Burr count calibrated,Parent orders,4.8,3,5–10%,0.5271147063292548
Burr count calibrated,Parent orders,4.8,4,10–25%,0.0970530090866023
Burr count calibrated,Parent orders,4.8,5,25–50%,0.008508445994958255
Burr count calibrated,Parent orders,4.8,6,50–100%,0.0014389778663474173
Burr count calibrated,Parent orders,4.8,7,>100%,0.00029290142654965956
Burr count calibrated,Parent orders,4.9,1,0–1%,60.319607089383545
Burr count calibrated,Parent orders,4.9,2,1–5%,38.968043883664336
Burr count calibrated,Parent orders,4.9,3,5–10%,0.5878586863987902
Burr count calibrated,Parent orders,4.9,4,10–25%,0.11208241252498681
Burr count calibrated,Parent orders,4.9,5,25–50%,0.010239515636467354
Burr count calibrated,Parent orders,4.9,6,50–100%,0.0017894601372815643
Burr count calibrated,Parent orders,4.9,7,>100%,0.000378952254597038
Burr count calibrated,Parent orders,5,1,0–1%,58.84005905693033
Burr count calibrated,Parent orders,5,2,1–5%,40.36391974380534
Burr count calibrated,Parent orders,5,3,5–10%,0.6524511909699011
Burr count calibrated,Parent orders,5,4,10–25%,0.12865124540977793
Burr count calibrated,Parent orders,5,5,25–50%,0.012228023166361433
Burr count calibrated,Parent orders,5,6,50–100%,0.0022054394097197985
Burr count calibrated,Parent orders,5,7,>100%,0.0004853003085824704
Burr count calibrated,Parent orders,5.1,1,0–1%,57.382661723149155
Burr count calibrated,Parent orders,5.1,2,1–5%,41.731835826903854
Burr count calibrated,Parent orders,5.1,3,5–10%,0.7208707144052912
Burr count calibrated,Parent orders,5.1,4,10–25%,0.14682387060811974
Burr count calibrated,Parent orders,5.1,5,25–50%,0.014497046078844429
Burr count calibrated,Parent orders,5.1,6,50–100%,0.002695275018927563
Burr count calibrated,Parent orders,5.1,7,>100%,0.0006155438358098361
Burr count calibrated,Parent orders,5.2,1,0–1%,55.948526930132644
Burr count calibrated,Parent orders,5.2,2,1–5%,43.0706196138444
Burr count calibrated,Parent orders,5.2,3,5–10%,0.793081977010365
Burr count calibrated,Parent orders,5.2,4,10–25%,0.1666599999885579
Burr count calibrated,Parent orders,5.2,5,25–50%,0.017069966502932347
Burr count calibrated,Parent orders,5.2,6,50–100%,0.0032678185776547825
Burr count calibrated,Parent orders,5.2,7,>100%,0.0007736939434461463
Burr count calibrated,Parent orders,5.3,1,0–1%,54.5385953020694
Burr count calibrated,Parent orders,5.3,2,1–5%,44.37928641204093
Burr count calibrated,Parent orders,5.3,3,5–10%,0.8690369352878355
Burr count calibrated,Parent orders,5.3,4,10–25%,0.18821444524657432
Burr count calibrated,Parent orders,5.3,5,25–50%,0.019970332676094906
Burr count calibrated,Parent orders,5.3,6,50–100%,0.003932382577513497
Burr count calibrated,Parent orders,5.3,7,>100%,0.0009641901016452132
Burr count calibrated,Parent orders,5.4,1,0–1%,53.15365117245376
Burr count calibrated,Parent orders,5.4,2,1–5%,45.65702374088585
Burr count calibrated,Parent orders,5.4,3,5–10%,0.9486758174249081
Burr count calibrated,Parent orders,5.4,4,10–25%,0.21153692895349097
Burr count calibrated,Parent orders,5.4,5,25–50%,0.023221722615343644
Burr count calibrated,Parent orders,5.4,6,50–100%,0.004698704678603964
Burr count calibrated,Parent orders,5.4,7,>100%,0.0011919129880365756
Burr count calibrated,Parent orders,5.5,1,0–1%,51.79433657129431
Burr count calibrated,Parent orders,5.5,2,1–5%,46.90317659468342
Burr count calibrated,Parent orders,5.5,3,5–10%,1.031928167320988
Burr count calibrated,Parent orders,5.5,4,10–25%,0.23667195228679738
Burr count calibrated,Parent orders,5.5,5,25–50%,0.02684761157893578
Burr count calibrated,Parent orders,5.5,6,50–100%,0.0055769082975057485
Burr count calibrated,Parent orders,5.5,7,>100%,0.0014621945380384192
Burr count calibrated,Parent orders,5.6,1,0–1%,50.461164276506196
Burr count calibrated,Parent orders,5.6,2,1–5%,48.11723359513429
Burr count calibrated,Parent orders,5.6,3,5–10%,1.118713883006473
Burr count calibrated,Parent orders,5.6,4,10–25%,0.26365871543178493
Burr count calibrated,Parent orders,5.6,5,25–50%,0.030871244688304277
Burr count calibrated,Parent orders,5.6,6,50–100%,0.006577460120465417
Burr count calibrated,Parent orders,5.6,7,>100%,0.00178082511248304
Burr count calibrated,Parent orders,5.7,1,0–1%,49.15452994813615
Burr count calibrated,Parent orders,5.7,2,1–5%,49.298814029100775
Burr count calibrated,Parent orders,5.7,3,5–10%,1.2089442376597002
Burr count calibrated,Parent orders,5.7,4,10–25%,0.2925310863364235
Burr count calibrated,Parent orders,5.7,5,25–50%,0.03531551585751804
Burr count calibrated,Parent orders,5.7,6,50–100%,0.0077111251703610405
Burr count calibrated,Parent orders,5.7,7,>100%,0.0021540577390718203
Burr count calibrated,Parent orders,5.8,1,0–1%,47.874723374577364
Burr count calibrated,Parent orders,5.8,2,1–5%,50.44765575507951
Burr count calibrated,Parent orders,5.8,3,5–10%,1.3025228735794836
Burr count calibrated,Parent orders,5.8,4,10–25%,0.32331761333037057
Burr count calibrated,Parent orders,5.8,5,25–50%,0.04020285396201611
Burr count calibrated,Parent orders,5.8,6,50–100%,0.008988920044882803
Burr count calibrated,Parent orders,5.8,7,>100%,0.002588609426368944
Burr count calibrated,Parent orders,5.9,1,0–1%,46.62193886729862
Burr count calibrated,Parent orders,5.9,2,1–5%,51.56360395274954
Burr count calibrated,Parent orders,5.9,3,5–10%,1.3993467614063246
Burr count calibrated,Parent orders,5.9,4,10–25%,0.35604157706254996
Burr count calibrated,Parent orders,5.9,5,25–50%,0.04555511697375428
Burr count calibrated,Parent orders,5.9,6,50–100%,0.010422064921451604
Burr count calibrated,Parent orders,5.9,7,>100%,0.0030916595877678904
Burr count calibrated,Parent orders,6,1,0–1%,45.396284845499665
Burr count calibrated,Parent orders,6,2,1–5%,52.64660068350453
Burr count calibrated,Parent orders,6,3,5–10%,1.4993071186058207
Burr count calibrated,Parent orders,6,4,10–25%,0.3907210772492271
Burr count calibrated,Parent orders,6,5,25–50%,0.05139349459931027
Burr count calibrated,Parent orders,6,6,50–100%,0.012021934893768176
Burr count calibrated,Parent orders,6,7,>100%,0.0036708456476769913
Burr count calibrated,Parent orders,6.1,1,0–1%,44.19779265505536
Burr count calibrated,Parent orders,6.1,2,1–5%,53.69667522548476
Burr count calibrated,Parent orders,6.1,3,5–10%,1.6022902827394776
Burr count calibrated,Parent orders,6.1,4,10–25%,0.42736914983712876
Burr count calibrated,Parent orders,6.1,5,25–50%,0.057738419782991934
Burr count calibrated,Parent orders,6.1,6,50–100%,0.013800011167494299
Burr count calibrated,Parent orders,6.1,7,>100%,0.004334255932795073
Burr count calibrated,Parent orders,6.2,1,0–1%,43.02642466756391
Burr count calibrated,Parent orders,6.2,2,1–5%,54.71393514386016
Burr count calibrated,Parent orders,6.2,3,5–10%,1.7081785363610589
Burr count calibrated,Parent orders,6.2,4,10–25%,0.46599391035720367
Burr count calibrated,Parent orders,6.2,5,25–50%,0.06460948927979165
Burr count calibrated,Parent orders,6.2,6,50–100%,0.01576783260022051
Burr count calibrated,Parent orders,6.2,7,>100%,0.00509041997765691
Burr count calibrated,Parent orders,6.3,1,0–1%,41.88208170562471
Burr count calibrated,Parent orders,6.3,2,1–5%,55.69855805562693
Burr count calibrated,Parent orders,6.3,3,5–10%,1.8168508815044255
Burr count calibrated,Parent orders,6.3,4,10–25%,0.506598719459444
Burr count calibrated,Parent orders,6.3,5,25–50%,0.07202539336367868
Burr count calibrated,Parent orders,6.3,6,50–100%,0.017936948025189674
Burr count calibrated,Parent orders,6.3,7,>100%,0.005948296395618495
Burr count calibrated,Parent orders,6.4,1,0–1%,40.7646098399235
Burr count calibrated,Parent orders,6.4,2,1–5%,56.65078404767519
Burr count calibrated,Parent orders,6.4,3,5–10%,1.9281837626861167
Burr count calibrated,Parent orders,6.4,4,10–25%,0.5491823668651552
Burr count calibrated,Parent orders,6.4,5,25–50%,0.08000385461516292
Burr count calibrated,Parent orders,6.4,6,50–100%,0.020318869750650732
Burr count calibrated,Parent orders,6.4,7,>100%,0.006917258484222651
Burr count calibrated,Parent orders,6.5,1,0–1%,39.67380660252747
Burr count calibrated,Parent orders,6.5,2,1–5%,57.57090870713043
Burr count calibrated,Parent orders,6.5,3,5–10%,2.042051738148667
Burr count calibrated,Parent orders,6.5,4,10–25%,0.5937392702395043
Burr count calibrated,Parent orders,6.5,5,25–50%,0.08856157562786181
Burr count calibrated,Parent orders,6.5,6,50–100%,0.022925028578439338
Burr count calibrated,Parent orders,6.5,7,>100%,0.008007077747620257
Burr count calibrated,Parent orders,6.6,1,0–1%,38.609426659165614
Burr count calibrated,Parent orders,6.6,2,1–5%,58.4592767237823
Burr count calibrated,Parent orders,6.6,3,5–10%,2.1583280997346637
Burr count calibrated,Parent orders,6.6,4,10–25%,0.6402596857651599
Burr count calibrated,Parent orders,6.6,5,25–50%,0.09771419538612998
Burr count calibrated,Parent orders,6.6,6,50–100%,0.025766730637465003
Burr count calibrated,Parent orders,6.6,7,>100%,0.00922790552866383
Burr count calibrated,Parent orders,6.7,1,0–1%,37.57118698133903
Burr count calibrated,Parent orders,6.7,2,1–5%,59.31627602563423
Burr count calibrated,Parent orders,6.7,3,5–10%,2.276885442322249
Burr count calibrated,Parent orders,6.7,4,10–25%,0.6887299274800295
Burr count calibrated,Parent orders,6.7,5,25–50%,0.1074762539936727
Burr count calibrated,Parent orders,6.7,6,50–100%,0.028855116281057427
Burr count calibrated,Parent orders,6.7,7,>100%,0.010590252949730676
Burr count calibrated,Parent orders,6.8,1,0–1%,36.55877155697967
Burr count calibrated,Parent orders,6.8,2,1–5%,60.142332410120666
Burr count calibrated,Parent orders,6.8,3,5–10%,2.3975961841849083
Burr count calibrated,Parent orders,6.8,4,10–25%,0.7391325927226342
Burr count calibrated,Parent orders,6.8,5,25–50%,0.1178611653752288
Burr count calibrated,Parent orders,6.8,6,50–100%,0.032201121252293054
Burr count calibrated,Parent orders,6.8,7,>100%,0.012104969364587674
Burr count calibrated,Parent orders,6.9,1,0–1%,35.571835676139905
Burr count calibrated,Parent orders,6.9,2,1–5%,60.93790463524935
Burr count calibrated,Parent orders,6.9,3,5–10%,2.520333039976226
Burr count calibrated,Parent orders,6.9,4,10–25%,0.7914467913028654
Burr count calibrated,Parent orders,6.9,5,25–50%,0.1288811975286519
Burr count calibrated,Parent orders,6.9,6,50–100%,0.035815440278978976
Burr count calibrated,Parent orders,6.9,7,>100%,0.013783219524021728
Burr count calibrated,Parent orders,7,1,0–1%,34.61000982591994
Burr count calibrated,Parent orders,7,2,1–5%,61.70347993675613
Burr count calibrated,Parent orders,7,3,5–10%,2.64496944829584
Burr count calibrated,Parent orders,7,4,10–25%,0.8456483762802349
Burr count calibrated,Parent orders,7,5,25–50%,0.14054745987166672
Burr count calibrated,Parent orders,7,6,50–100%,0.039708493220320246
Burr count calibrated,Parent orders,7,7,>100%,0.015636459655862054
Burr count calibrated,Parent orders,7.1,1,0–1%,33.67290322656855
Burr count calibrated,Parent orders,7.1,2,1–5%,62.43956993925757
Burr count calibrated,Parent orders,7.1,3,5–10%,2.7713799559789316
Burr count calibrated,Parent orders,7.1,4,10–25%,0.9017101744835445
Burr count calibrated,Parent orders,7.1,5,25–50%,0.15286989720495564
Burr count calibrated,Parent orders,7.1,6,50–100%,0.043890393850684446
Burr count calibrated,Parent orders,7.1,7,>100%,0.0176764126557617
Burr count calibrated,Parent orders,7.2,1,0–1%,32.760107038469165
Burr count calibrated,Parent orders,7.2,2,1–5%,63.14670693129874
Burr count calibrated,Parent orders,7.2,3,5–10%,2.8994405613774887
Burr count calibrated,Parent orders,7.2,4,10–25%,0.9596022151434194
Burr count calibrated,Parent orders,7.2,5,25–50%,0.16585728979972594
Burr count calibrated,Parent orders,7.2,6,50–100%,0.04837092133246598
Burr count calibrated,Parent orders,7.2,7,>100%,0.01991504257900329
Burr count calibrated,Parent orders,7.3,1,0–1%,31.871197267568952
Burr count calibrated,Parent orders,7.3,2,1–5%,63.82544047609375
Burr count calibrated,Parent orders,7.3,3,5–10%,3.0290290189780364
Burr count calibrated,Parent orders,7.3,4,10–25%,1.0192919552310518
Burr count calibrated,Parent orders,7.3,5,25–50%,0.1795172591123306
Burr count calibrated,Parent orders,7.3,6,50–100%,0.05315949439990942
Burr count calibrated,Parent orders,7.3,7,>100%,0.02236452861597252
Burr count calibrated,Parent orders,7.4,1,0–1%,31.005737394744813
Burr count calibrated,Parent orders,7.4,2,1–5%,64.47633433161457
Burr count calibrated,Parent orders,7.4,3,5–10%,3.160025107734811
Burr count calibrated,Parent orders,7.4,4,10–25%,1.0807445003022194
Burr count calibrated,Parent orders,7.4,5,25–50%,0.19385627862964072
Burr count calibrated,Parent orders,7.4,6,50–100%,0.0582651482488728
Burr count calibrated,Parent orders,7.4,7,>100%,0.02503723872508252
Burr count calibrated,Parent orders,7.5,1,0–1%,30.16328075263849
Burr count calibrated,Parent orders,7.5,2,1–5%,65.0999636554824
Burr count calibrated,Parent orders,7.5,3,5–10%,3.2923108654976088
Burr count calibrated,Parent orders,7.5,4,10–25%,1.1439228198348308
Burr count calibrated,Parent orders,7.5,5,25–50%,0.2088796893557364
Burr count calibrated,Parent orders,7.5,6,50–100%,0.06369651410382779
Burr count calibrated,Parent orders,7.5,7,>100%,0.027945703087116726
Burr count calibrated,Parent orders,7.6,1,0–1%,29.343372671641543
Burr count calibrated,Parent orders,7.6,2,1–5%,65.69691247184244
Burr count calibrated,Parent orders,7.6,3,5–10%,3.4257707918857516
Burr count calibrated,Parent orders,7.6,4,10–25%,1.2087879562210628
Burr count calibrated,Parent orders,7.6,5,25–50%,0.22459171946198556
Burr count calibrated,Parent orders,7.6,6,50–100%,0.06946180141280088
Burr count calibrated,Parent orders,7.6,7,>100%,0.031102587534422237
Burr count calibrated,Parent orders,7.7,1,0–1%,28.545552414971276
Burr count calibrated,Parent orders,7.7,2,1–5%,66.26777137904844
Burr count calibrated,Parent orders,7.7,3,5–10%,3.5602920219096044
Burr count calibrated,Parent orders,7.7,4,10–25%,1.2752992267320515
Burr count calibrated,Parent orders,7.7,5,25–50%,0.2409955076379435
Burr count calibrated,Parent orders,7.7,6,50–100%,0.07556878260331583
Burr count calibrated,Parent orders,7.7,7,>100%,0.03452066709736039
Burr count calibrated,Parent orders,7.8,1,0–1%,27.769354921154644
Burr count calibrated,Parent orders,7.8,2,1–5%,66.81313547854198
Burr count calibrated,Parent orders,7.8,3,5–10%,3.69576447257364
Burr count calibrated,Parent orders,7.8,4,10–25%,1.3434144179142886
Burr count calibrated,Parent orders,7.8,5,25–50%,0.25809312969884113
Burr count calibrated,Parent orders,7.8,6,50–100%,0.08202478031751374
Burr count calibrated,Parent orders,7.8,7,>100%,0.03821279979909874
Burr count calibrated,Parent orders,7.9,1,0–1%,27.01431237072338
Burr count calibrated,Parent orders,7.9,2,1–5%,67.33360250678209
Burr count calibrated,Parent orders,7.9,3,5–10%,3.832080964614057
Burr count calibrated,Parent orders,7.9,4,10–25%,1.413089972003619
Burr count calibrated,Parent orders,7.9,5,25–50%,0.27588562802614025
Burr count calibrated,Parent orders,7.9,6,50–100%,0.08883665703233598
Burr count calibrated,Parent orders,7.9,7,>100%,0.04219190081838558
Burr count calibrated,Parent orders,8,1,0–1%,26.279955592521496
Burr count calibrated,Parent orders,8,2,1–5%,67.8297711534606
Burr count calibrated,Parent orders,8,3,5–10%,3.9691373214333443
Burr count calibrated,Parent orders,8,4,10–25%,1.4842811650553411
Burr count calibrated,Parent orders,8,5,25–50%,0.2943730434399381
Burr count calibrated,Parent orders,8,6,50–100%,0.09601080696074601
Burr count calibrated,Parent orders,8,7,>100%,0.04647091712852784
Burr count calibrated,Parent orders,8.1,1,0–1%,25.56581532372745
Burr count calibrated,Parent orders,8.1,2,1–5%,68.30223955053019
Burr count calibrated,Parent orders,8.1,3,5–10%,4.10683244719656
Burr count calibrated,Parent orders,8.1,4,10–25%,1.5569422765884664
Burr count calibrated,Parent orders,8.1,5,25–50%,0.31355444912557195
Burr count calibrated,Parent orders,8.1,6,50–100%,0.10355315012222964
Burr count calibrated,Parent orders,8.1,7,>100%,0.05106280270953624
Burr count calibrated,Parent orders,8.2,1,0–1%,24.87142333649549
Burr count calibrated,Parent orders,8.2,2,1–5%,68.75160391777752
Burr count calibrated,Parent orders,8.2,3,5–10%,4.245068385951898
Burr count calibrated,Parent orders,8.2,4,10–25%,1.6310267506297143
Burr count calibrated,Parent orders,8.2,5,25–50%,0.3334279862609354
Burr count calibrated,Parent orders,8.2,6,50–100%,0.11146912846505502
Burr count calibrated,Parent orders,8.2,7,>100%,0.05598049441939572
Burr count calibrated,Parent orders,8.3,1,0–1%,24.196313443018624
Burr count calibrated,Parent orders,8.3,2,1–5%,69.17845735179449
Burr count calibrated,Parent orders,8.3,3,5–10%,4.383750363533768
Burr count calibrated,Parent orders,8.3,4,10–25%,1.7064873481190255
Burr count calibrated,Parent orders,8.3,5,25–50%,0.353990901015532
Burr count calibrated,Parent orders,8.3,6,50–100%,0.11976370391878931
Burr count calibrated,Parent orders,8.3,7,>100%,0.06123688859977535
Burr count calibrated,Parent orders,8.4,1,0–1%,23.540022389801262
Burr count calibrated,Parent orders,8.4,2,1–5%,69.583388746242
Burr count calibrated,Parent orders,8.4,3,5–10%,4.522786813901314
Burr count calibrated,Parent orders,8.4,4,10–25%,1.7832762907042732
Burr count calibrated,Parent orders,8.4,5,25–50%,0.3752395826167455
Burr count calibrated,Parent orders,8.4,6,50–100%,0.12844135825314712
Burr count calibrated,Parent orders,8.4,7,>100%,0.06684481848125963
Burr count calibrated,Parent orders,8.5,1,0–1%,22.902090650999718
Burr count calibrated,Parent orders,8.5,2,1–5%,69.96698183226536
Burr count calibrated,Parent orders,8.5,3,5–10%,4.662089391460858
Burr count calibrated,Parent orders,8.5,4,10–25%,1.8613453960094246
Burr count calibrated,Parent orders,8.5,5,25–50%,0.39716960220295905
Burr count calibrated,Parent orders,8.5,6,50–100%,0.13750609461824406
Burr count calibrated,Parent orders,8.5,7,>100%,0.0728170324434374
Burr count calibrated,Parent orders,8.6,1,0–1%,22.28206312983707
Burr count calibrated,Parent orders,8.6,2,1–5%,70.32981432881262
Burr count calibrated,Parent orders,8.6,3,5–10%,4.8015729708177926
Burr count calibrated,Parent orders,8.6,4,10–25%,1.9406462045083326
Burr count calibrated,Parent orders,8.6,5,25–50%,0.41977575220674584
Burr count calibrated,Parent orders,8.6,6,50–100%,0.14696144064149172
Burr count calibrated,Parent orders,8.6,7,>100%,0.07916617317594758
Burr count calibrated,Parent orders,8.7,1,0–1%,21.679489776318274
Burr count calibrated,Parent orders,8.7,2,1–5%,70.67245719343202
Burr count calibrated,Parent orders,8.7,3,5–10%,4.941155635303273
Burr count calibrated,Parent orders,8.7,4,10–25%,2.0211300981766205
Burr count calibrated,Parent orders,8.7,5,25–50%,0.44305208603426827
Burr count calibrated,Parent orders,8.7,6,50–100%,0.15681045295764087
Burr count calibrated,Parent orders,8.7,7,>100%,0.08590475777790123
Burr count calibrated,Parent orders,8.8,1,0–1%,21.093926128758334
Burr count calibrated,Parent orders,8.8,2,1–5%,70.99547396488548
Burr count calibrated,Parent orders,8.8,3,5–10%,5.080758655524124
Burr count calibrated,Parent orders,8.8,4,10–25%,2.1027484111274672
Burr count calibrated,Parent orders,8.8,5,25–50%,0.4669919578290365
Burr count calibrated,Parent orders,8.8,6,50–100%,0.16705572305058256
Burr count calibrated,Parent orders,8.8,7,>100%,0.09304515882497946
Burr count calibrated,Parent orders,8.9,1,0–1%,20.524933785985223
Burr count calibrated,Parent orders,8.9,2,1–5%,71.29942018961599
Burr count calibrated,Parent orders,8.9,3,5–10%,5.220306459090943
Burr count calibrated,Parent orders,8.9,4,10–25%,2.18545253246419
Burr count calibrated,Parent orders,8.9,5,25–50%,0.4915880621292592
Burr count calibrated,Parent orders,8.9,6,50–100%,0.17769938428842763
Burr count calibrated,Parent orders,8.9,7,>100%,0.1005995864259663
Burr count calibrated,Parent orders,9,1,0–1%,19.972080816483274
Burr count calibrated,Parent orders,9,2,1–5%,71.58484292475372
Burr count calibrated,Parent orders,9,3,5–10%,5.359726592590447
Burr count calibrated,Parent orders,9,4,10–25%,2.2691940016041396
Burr count calibrated,Parent orders,9,5,25–50%,0.5168324732480314
Burr count calibrated,Parent orders,9,6,50–100%,0.1887431200368767
Burr count calibrated,Parent orders,9,7,>100%,0.10858007128351249
Burr count calibrated,Parent orders,9.1,1,0–1%,19.434942110201415
Burr count calibrated,Parent orders,9.1,2,1–5%,71.85228031093835
Burr count calibrated,Parent orders,9.1,3,5–10%,5.498949676783033
Burr count calibrated,Parent orders,9.1,4,10–25%,2.3539245963451876
Burr count calibrated,Parent orders,9.1,5,25–50%,0.5427166842245624
Burr count calibrated,Parent orders,9.1,6,50–100%,0.20018817273991918
Burr count calibrated,Parent orders,9.1,7,>100%,0.11699844876753242
Burr count calibrated,Parent orders,9.2,1,0–1%,18.913099678253896
Burr count calibrated,Parent orders,9.2,2,1–5%,72.10226120878386
Burr count calibrated,Parent orders,9.2,3,5–10%,5.63790935592631
Burr count calibrated,Parent orders,9.2,4,10–25%,2.439596413958398
Burr count calibrated,Parent orders,9.2,5,25–50%,0.569231645212418
Burr count calibrated,Parent orders,9.2,6,50–100%,0.21203535386131211
Burr count calibrated,Parent orders,9.2,7,>100%,0.1258663440038049
Burr count calibrated,Parent orders,9.3,1,0–1%,18.406142905290768
Burr count calibrated,Parent orders,9.3,2,1–5%,72.33530489331304
Burr count calibrated,Parent orders,9.3,3,5–10%,5.776542242049443
Burr count calibrated,Parent orders,9.3,4,10–25%,2.5261619455992097
Burr count calibrated,Parent orders,9.3,5,25–50%,0.5963678011874737
Burr count calibrated,Parent orders,9.3,6,50–100%,0.22428505458501058
Burr count calibrated,Parent orders,9.3,7,>100%,0.13519515797506604
Burr count calibrated,Parent orders,9.4,1,0–1%,17.913668758903324
Burr count calibrated,Parent orders,9.4,2,1–5%,72.55192080115162
Burr count calibrated,Parent orders,9.4,3,5–10%,5.914787854931707
Burr count calibrated,Parent orders,9.4,4,10–25%,2.613574144334772
Burr count calibrated,Parent orders,9.4,5,25–50%,0.6241151288737685
Burr count calibrated,Parent orders,9.4,6,50–100%,0.23693725717767847
Burr count calibrated,Parent orders,9.4,7,>100%,0.14499605462712098
Burr count calibrated,Parent orders,9.5,1,0–1%,17.435281960054215
Burr count calibrated,Parent orders,9.5,2,1–5%,72.75260832569647
Burr count calibrated,Parent orders,9.5,3,5–10%,6.052588558472012
Burr count calibrated,Parent orders,9.5,4,10–25%,2.7017864870876207
Burr count calibrated,Parent orders,9.5,5,25–50%,0.6524631727999202
Burr count calibrated,Parent orders,9.5,6,50–100%,0.24999154692149547
Burr count calibrated,Parent orders,9.5,7,>100%,0.15527994896825237
Burr count calibrated,Parent orders,9.6,1,0–1%,16.970595118180388
Burr count calibrated,Parent orders,9.6,2,1–5%,72.93785665586132
Burr count calibrated,Parent orders,9.6,3,5–10%,6.189889494073339
Burr count calibrated,Parent orders,9.6,4,10–25%,2.7907530307958313
Burr count calibrated,Parent orders,9.6,5,25–50%,0.6814010804120436
Burr count calibrated,Parent orders,9.6,6,50–100%,0.2634471245306561
Burr count calibrated,Parent orders,9.6,7,>100%,0.16605749614642062
Burr count calibrated,Parent orders,9.7,1,0–1%,16.519228834304634
Burr count calibrated,Parent orders,9.7,2,1–5%,73.10814465436233
Burr count calibrated,Parent orders,9.7,3,5–10%,6.326638511608038
Burr count calibrated,Parent orders,9.7,4,10–25%,2.880428463087938
Burr count calibrated,Parent orders,9.7,5,25–50%,0.7109176361814346
Burr count calibrated,Parent orders,9.7,6,50–100%,0.27730281897018194
Burr count calibrated,Parent orders,9.7,7,>100%,0.17733908148544505
Burr count calibrated,Parent orders,9.8,1,0–1%,16.080811775207216
Burr count calibrated,Parent orders,9.8,2,1–5%,73.26394077183446
Burr count calibrated,Parent orders,9.8,3,5–10%,6.462786098475504
Burr count calibrated,Parent orders,9.8,4,10–25%,2.9707681477670276
Burr count calibrated,Parent orders,9.8,5,25–50%,0.7410012946564944
Burr count calibrated,Parent orders,9.8,6,50–100%,0.2915571006008391
Burr count calibrated,Parent orders,9.8,7,>100%,0.18913481145845878
Burr count calibrated,Parent orders,9.9,1,0–1%,15.654980721449807
Burr count calibrated,Parent orders,9.9,2,1–5%,73.40570299337121
Burr count calibrated,Parent orders,9.9,3,5–10%,6.598285307213679
Burr count calibrated,Parent orders,9.9,4,10–25%,3.061728165393069
Burr count calibrated,Parent orders,9.9,5,25–50%,0.7716402124186894
Burr count calibrated,Parent orders,9.9,6,50–100%,0.30620809457909853
Burr count calibrated,Parent orders,9.9,7,>100%,0.20145450557444466
Burr count calibrated,Parent orders,10,1,0–1%,15.241380591806998
Burr count calibrated,Parent orders,10,2,1–5%,73.53387881435832
Burr count calibrated,Parent orders,10,3,5–10%,6.733091682079122
Burr count calibrated,Parent orders,10,4,10–25%,3.1532653492462814
Burr count calibrated,Parent orders,10,5,25–50%,0.8028222789116173
Burr count calibrated,Parent orders,10,6,50–100%,0.3212535944461214
Burr count calibrated,Parent orders,10,7,>100%,0.2143076891515474
Burr count calibrated,Parent orders,10.1,1,0–1%,14.839664446444534
Burr count calibrated,Parent orders,10.1,2,1–5%,73.64890524272676
Burr count calibrated,Parent orders,10.1,3,5–10%,6.867163184967516
Burr count calibrated,Parent orders,10.1,4,10–25%,3.2453373169466726
Burr count calibrated,Parent orders,10.1,5,25–50%,0.8345351461207936
Burr count calibrated,Parent orders,10.1,6,50–100%,0.3366910758446415
Burr count calibrated,Parent orders,10.1,7,>100%,0.2277035869490892
Burr count calibrated,Parent orders,10.2,1,0–1%,14.44949347098624
Burr count calibrated,Parent orders,10.2,2,1–5%,73.75120882498467
Burr count calibrated,Parent orders,10.2,3,5–10%,7.000460121006913
Burr count calibrated,Parent orders,10.2,4,10–25%,3.3379024979966103
Burr count calibrated,Parent orders,10.2,5,25–50%,0.8667662570893667
Burr count calibrated,Parent orders,10.2,6,50–100%,0.3525177103074148
Burr count calibrated,Parent orders,10.2,7,>100%,0.24165111762877944
Burr count calibrated,Parent orders,10.3,1,0–1%,14.070536943431279
Burr count calibrated,Parent orders,10.3,2,1–5%,73.84120569360306
Burr count calibrated,Parent orders,10.3,3,5–10%,7.132945064119271
Burr count calibrated,Parent orders,10.3,4,10–25%,3.430920157504644
Burr count calibrated,Parent orders,10.3,5,25–50%,0.8995028732618099
Burr count calibrated,Parent orders,10.3,6,50–100%,0.36873037906550177
Burr count calibrated,Parent orders,10.3,7,>100%,0.25615888901444395
Burr count calibrated,Parent orders,10.4,1,0–1%,13.702472185718129
Burr count calibrated,Parent orders,10.4,2,1–5%,73.91930163352843
Burr count calibrated,Parent orders,10.4,3,5–10%,7.2645827828127745
Burr count calibrated,Parent orders,10.4,4,10–25%,3.5243504163390673
Burr count calibrated,Parent orders,10.4,5,25–50%,0.9327321006538007
Burr count calibrated,Parent orders,10.4,6,50–100%,0.38532568682905616
Burr count calibrated,Parent orders,10.4,7,>100%,0.27123519411874253
Burr count calibrated,Parent orders,10.5,1,0–1%,13.344984501581392
Burr count calibrated,Parent orders,10.5,2,1–5%,73.98589216577754
Burr count calibrated,Parent orders,10.5,3,5–10%,7.395340166436477
Burr count calibrated,Parent orders,10.5,4,10–25%,3.6181542679503997
Burr count calibrated,Parent orders,10.5,5,25–50%,0.9664409148519179
Burr count calibrated,Parent orders,10.5,6,50–100%,0.40229997549757984
Burr count calibrated,Parent orders,10.5,7,>100%,0.2868880079046886
Burr count calibrated,Parent orders,10.6,1,0–1%,12.997767102209046
Burr count calibrated,Parent orders,10.6,2,1–5%,74.04136264623683
Burr count calibrated,Parent orders,10.6,3,5–10%,7.525186152100738
Burr count calibrated,Parent orders,10.6,4,10–25%,3.7122935920918017
Burr count calibrated,Parent orders,10.6,5,25–50%,1.0006161848516189
Burr count calibrated,Parent orders,10.6,6,50–100%,0.4196493377605766
Burr count calibrated,Parent orders,10.6,7,>100%,0.3031249847493859
Burr count calibrated,Parent orders,10.7,1,0–1%,12.660521021081482
Burr count calibrated,Parent orders,10.7,2,1–5%,74.08608837794368
Burr count calibrated,Parent orders,10.7,3,5–10%,7.654091652441412
Burr count calibrated,Parent orders,10.7,4,10–25%,3.8067311656566183
Burr count calibrated,Parent orders,10.7,5,25–50%,1.0352446957461756
Burr count calibrated,Parent orders,10.7,6,50–100%,0.43736963055344613
Burr count calibrated,Parent orders,10.7,7,>100%,0.31995345657718527
Burr count calibrated,Parent orders,10.8,1,0–1%,12.332955019257453
Burr count calibrated,Parent orders,10.8,2,1–5%,74.12043473526873
Burr count calibrated,Parent orders,10.8,3,5–10%,7.782029484382319
Burr count calibrated,Parent orders,10.8,4,10–25%,3.9014306708420974
Burr count calibrated,Parent orders,10.8,5,25–50%,1.0703131702829123
Burr count calibrated,Parent orders,10.8,6,50–100%,0.4554564883370442
Burr count calibrated,Parent orders,10.8,7,>100%,0.33738043162943643
Burr count calibrated,Parent orders,10.9,1,0–1%,12.014785482266232
Burr count calibrated,Parent orders,10.9,2,1–5%,74.14475729854891
Burr count calibrated,Parent orders,10.9,3,5–10%,7.908974299029165
Burr count calibrated,Parent orders,10.9,4,10–25%,3.99635670083838
Burr count calibrated,Parent orders,10.9,5,25–50%,1.105808289306391
Burr count calibrated,Parent orders,10.9,6,50–100%,0.4739053361727834
Burr count calibrated,Parent orders,10.9,7,>100%,0.3554125938381349
Burr count calibrated,Parent orders,11,1,0–1%,11.705736309666982
Burr count calibrated,Parent orders,11,2,1–5%,74.15940199784168
Burr count calibrated,Parent orders,11,3,5–10%,8.03490251280903
Burr count calibrated,Parent orders,11,4,10–25%,4.091474763232095
Burr count calibrated,Parent orders,11,5,25–50%,1.1417167111107507
Burr count calibrated,Parent orders,11,6,50–100%,0.492711402568397
Burr count calibrated,Parent orders,11,7,>100%,0.37405630277105434
Burr count calibrated,Parent orders,11.1,1,0–1%,11.405538798247273
Burr count calibrated,Parent orders,11.1,2,1–5%,74.16470526458252
Burr count calibrated,Parent orders,11.1,3,5–10%,8.159792239951598
Burr count calibrated,Parent orders,11.1,4,10–25%,4.186751281303909
Burr count calibrated,Parent orders,11.1,5,25–50%,1.17802508972591
Burr count calibrated,Parent orders,11.1,6,50–100%,0.5118697320724653
Burr count calibrated,Parent orders,11.1,7,>100%,0.3933175941163252
Burr count calibrated,Parent orders,11.2,1,0–1%,11.113931519749688
Burr count calibrated,Parent orders,11.2,2,1–5%,74.16099419002934
Burr count calibrated,Parent orders,11.2,3,5–10%,8.28362322639297
Burr count calibrated,Parent orders,11.2,4,10–25%,4.282153593390155
Burr count calibrated,Parent orders,11.2,5,25–50%,1.2147200921641848
Burr count calibrated,Parent orders,11.2,6,50–100%,0.5313751975986978
Burr count calibrated,Parent orders,11.2,7,>100%,0.4132021806749687
Burr count calibrated,Parent orders,11.3,1,0–1%,10.830660193940068
Burr count calibrated,Parent orders,11.3,2,1–5%,74.14858668947298
Burr count calibrated,Parent orders,11.3,3,5–10%,8.406376785168197
Burr count calibrated,Parent orders,11.3,4,10–25%,4.377649950469248
Burr count calibrated,Parent orders,11.3,5,25–50%,1.2517884146554863
Burr count calibrated,Parent orders,11.3,6,50–100%,0.5512225124635527
Burr count calibrated,Parent orders,11.3,7,>100%,0.433715453830465
Burr count calibrated,Parent orders,11.4,1,0–1%,10.555477557761018
Burr count calibrated,Parent orders,11.4,2,1–5%,74.12779167127951
Burr count calibrated,Parent orders,11.4,3,5–10%,8.528035733345998
Burr count calibrated,Parent orders,11.4,4,10–25%,4.473209512124498
Burr count calibrated,Parent orders,11.4,5,25–50%,1.2892167979005715
Burr count calibrated,Parent orders,11.4,6,50–100%,0.5714062421232741
Burr count calibrated,Parent orders,11.4,7,>100%,0.4548624854651349
Burr count calibrated,Parent orders,11.5,1,0–1%,10.28814323124977
Burr count calibrated,Parent orders,11.5,2,1–5%,74.09890920991101
Burr count calibrated,Parent orders,11.5,3,5–10%,8.648584330547408
Burr count calibrated,Parent orders,11.5,4,10–25%,4.568802341026433
Burr count calibrated,Parent orders,11.5,5,25–50%,1.3269920413728467
Burr count calibrated,Parent orders,11.5,6,50–100%,0.5919208155986513
Burr count calibrated,Parent orders,11.5,7,>100%,0.4766480302938812
Burr count calibrated,Parent orders,11.6,1,0–1%,10.028423580840705
Burr count calibrated,Parent orders,11.6,2,1–5%,74.06223072214576
Burr count calibrated,Parent orders,11.6,3,5–10%,8.768008219079963
Burr count calibrated,Parent orders,11.6,4,10–25%,4.6643993960690375
Burr count calibrated,Parent orders,11.6,5,25–50%,1.3651010166999262
Burr count calibrated,Parent orders,11.6,6,50–100%,0.6127605365779977
Burr count calibrated,Parent orders,11.6,7,>100%,0.49907652858662466
Burr count calibrated,Parent orders,11.7,1,0–1%,9.77609158061792
Burr count calibrated,Parent orders,11.7,2,1–5%,74.01803914578736
Burr count calibrated,Parent orders,11.7,3,5–10%,8.886294365709297
Burr count calibrated,Parent orders,11.7,4,10–25%,4.759972524286414
Burr count calibrated,Parent orders,11.7,5,25–50%,1.4035306801567096
Burr count calibrated,Parent orders,11.7,6,50–100%,0.6339195941906641
Burr count calibrated,Parent orders,11.7,7,>100%,0.5221521092516432
Burr count calibrated,Parent orders,11.8,1,0–1%,9.530926672032813
Burr count calibrated,Parent orders,11.8,2,1–5%,73.96660912021605
Burr count calibrated,Parent orders,11.8,3,5–10%,9.003431005082302
Burr count calibrated,Parent orders,11.8,4,10–25%,4.855494451668525
Burr count calibrated,Parent orders,11.8,5,25–50%,1.4422680843020619
Burr count calibrated,Parent orders,11.8,6,50–100%,0.6553920734453228
Burr count calibrated,Parent orders,11.8,7,>100%,0.5458785932529215
Burr count calibrated,Parent orders,11.9,1,0–1%,9.292714622555643
Burr count calibrated,Parent orders,11.9,2,1–5%,73.90820716819354
Burr count calibrated,Parent orders,11.9,3,5–10%,9.1194075848081
Burr count calibrated,Parent orders,11.9,4,10–25%,4.950938772987046
Burr count calibrated,Parent orders,11.9,5,25–50%,1.4813003887913474
Burr count calibrated,Parent orders,11.9,6,50–100%,0.6771719653287791
Burr count calibrated,Parent orders,11.9,7,>100%,0.5702594973355433
Burr count calibrated,Parent orders,12,1,0–1%,9.06124738368639
Burr count calibrated,Parent orders,12,2,1–5%,73.84309187838737
Burr count calibrated,Parent orders,12,3,5–10%,9.234214712196975
Burr count calibrated,Parent orders,12,4,10–25%,5.046279940735528
Burr count calibrated,Parent orders,12,5,25–50%,1.5206148703969908
Burr count calibrated,Parent orders,12,6,50–100%,0.699253176562645
Burr count calibrated,Parent orders,12,7,>100%,0.5952980380341026
Burr count calibrated,Parent orders,12.1,1,0–1%,8.836322948711262
Burr count calibrated,Parent orders,12.1,2,1–5%,73.77151408813067
Burr count calibrated,Parent orders,12.1,3,5–10%,9.347844102651393
Burr count calibrated,Parent orders,12.1,4,10–25%,5.141493253280881
Burr count calibrated,Parent orders,12.1,5,25–50%,1.5601989322691898
Burr count calibrated,Parent orders,12.1,6,50–100%,0.721629539016519
Burr count calibrated,Parent orders,12.1,7,>100%,0.6209971359400843
Burr count calibrated,Parent orders,12.2,1,0–1%,8.617745210554585
Burr count calibrated,Parent orders,12.2,2,1–5%,73.69371706597904
Burr count calibrated,Parent orders,12.2,3,5–10%,9.46028852969816
Burr count calibrated,Parent orders,12.2,4,10–25%,5.236554842317069
Burr count calibrated,Parent orders,12.2,5,25–50%,1.6000401124684795
Burr count calibrated,Parent orders,12.2,6,50–100%,0.7442948187775557
Burr count calibrated,Parent orders,12.2,7,>100%,0.647359420205106
Burr count calibrated,Parent orders,12.3,1,0–1%,8.405323820041243
Burr count calibrated,Parent orders,12.3,2,1–5%,73.60993669366964
Burr count calibrated,Parent orders,12.3,3,5–10%,9.571541776646646
Burr count calibrated,Parent orders,12.3,4,10–25%,5.331441659705392
Burr count calibrated,Parent orders,12.3,5,25–50%,1.6401260918016438
Burr count calibrated,Parent orders,12.3,6,50–100%,0.767242724877477
Burr count calibrated,Parent orders,12.3,7,>100%,0.6743872332579494
Burr count calibrated,Parent orders,12.4,1,0–1%,8.198874044855032
Burr count calibrated,Parent orders,12.4,2,1–5%,73.52040164712615
Burr count calibrated,Parent orders,12.4,3,5–10%,9.681598589853763
Burr count calibrated,Parent orders,12.4,4,10–25%,5.42613146378007
Burr count calibrated,Parent orders,12.4,5,25–50%,1.6804447009918007
Burr count calibrated,Parent orders,12.4,6,50–100%,0.7904669176789985
Burr count calibrated,Parent orders,12.4,7,>100%,0.7020826357141928
Burr count calibrated,Parent orders,12.5,1,0–1%,7.998216629447907
Burr count calibrated,Parent orders,12.5,2,1–5%,73.42533357619054
Burr count calibrated,Parent orders,12.5,3,5–10%,9.790454633573162
Burr count calibrated,Parent orders,12.5,4,10–25%,5.520602805192304
Burr count calibrated,Parent orders,12.5,5,25–50%,1.7209839272131453
Burr count calibrated,Parent orders,12.5,6,50–100%,0.8139610169246291
Burr count calibrated,Parent orders,12.5,7,>100%,0.7304474114583145
Burr count calibrated,Parent orders,12.6,1,0–1%,7.803177656129822
Burr count calibrated,Parent orders,12.6,2,1–5%,73.3249472827957
Burr count calibrated,Parent orders,12.6,3,5–10%,9.898106446363485
Burr count calibrated,Parent orders,12.6,4,10–25%,5.614835012360506
Burr count calibrated,Parent orders,12.6,5,25–50%,1.7617319200199515
Burr count calibrated,Parent orders,12.6,6,50–100%,0.8377186094515259
Burr count calibrated,Parent orders,12.6,7,>100%,0.7594830728790047
Burr count calibrated,Parent orders,12.7,1,0–1%,7.613588407543581
Burr count calibrated,Parent orders,12.7,2,1–5%,73.21945089732358
Burr count calibrated,Parent orders,12.7,3,5–10%,10.004551399027802
Burr count calibrated,Parent orders,12.7,4,10–25%,5.708808176589646
Burr count calibrated,Parent orders,12.7,5,25–50%,1.8026769966990583
Burr count calibrated,Parent orders,12.7,6,50–100%,0.8617332565768792
Burr count calibrated,Parent orders,12.7,7,>100%,0.7891908662394559
Burr count calibrated,Parent orders,12.8,1,0–1%,7.429285230706406
Burr count calibrated,Parent orders,12.8,2,1–5%,73.1090460529233
Burr count calibrated,Parent orders,12.8,3,5–10%,10.10978765405426
Burr count calibrated,Parent orders,12.8,4,10–25%,5.802503136917915
Burr count calibrated,Parent orders,12.8,5,25–50%,1.8438076470740254
Burr count calibrated,Parent orders,12.8,6,50–100%,0.885998501158859
Burr count calibrated,Parent orders,12.8,7,>100%,0.8195717771652218
Burr count calibrated,Parent orders,12.9,1,0–1%,7.250109402779447
Burr count calibrated,Parent orders,12.9,2,1–5%,72.993928057589
Burr count calibrated,Parent orders,12.9,3,5–10%,10.213814126526675
Burr count calibrated,Parent orders,12.9,4,10–25%,5.895901464744221
Burr count calibrated,Parent orders,12.9,5,25–50%,1.8851125377886524
Burr count calibrated,Parent orders,12.9,6,50–100%,0.9105078743387646
Burr count calibrated,Parent orders,12.9,7,>100%,0.8506265362332406
Burr count calibrated,Parent orders,13,1,0–1%,7.075906998706804
Burr count calibrated,Parent orders,13,2,1–5%,72.87428606382146
Burr count calibrated,Parent orders,13,3,5–10%,10.316630446471926
Burr count calibrated,Parent orders,13,4,10–25%,5.988985448286319
Burr count calibrated,Parent orders,13,5,25–50%,1.926580516096596
Burr count calibrated,Parent orders,13,6,50–100%,0.935254901970442
Burr count calibrated,Parent orders,13,7,>100%,0.8823556246464539
Burr count calibrated,Parent orders,13.1,1,0–1%,6.90652876084804
Burr count calibrated,Parent orders,13.1,2,1–5%,72.75030323572096
Burr count calibrated,Parent orders,13.1,3,5–10%,10.418236922610157
Burr count calibrated,Parent orders,13.1,4,10–25%,6.081738076915023
Burr count calibrated,Parent orders,13.1,5,25–50%,1.9682006131830174
Burr count calibrated,Parent orders,13.1,6,50–100%,0.9602331107434929
Burr count calibrated,Parent orders,13.1,7,>100%,0.9147592799792976
Burr count calibrated,Parent orders,13.2,1,0–1%,6.741829970711544
Burr count calibrated,Parent orders,13.2,2,1–5%,72.62215691337828
Burr count calibrated,Parent orders,13.2,3,5–10%,10.518634507472965
Burr count calibrated,Parent orders,13.2,4,10–25%,6.1741430254064
Burr count calibrated,Parent orders,13.2,5,25–50%,2.0099620470434707
Burr count calibrated,Parent orders,13.2,6,50–100%,0.9854360340071265
Burr count calibrated,Parent orders,13.2,7,>100%,0.9478375019802227
Burr count calibrated,Parent orders,13.3,1,0–1%,6.581670322881427
Burr count calibrated,Parent orders,13.3,2,1–5%,72.49001877444991
Burr count calibrated,Parent orders,13.3,3,5–10%,10.617824763853914
Burr count calibrated,Parent orders,13.3,4,10–25%,6.266184638150521
Burr count calibrated,Parent orders,13.3,5,25–50%,2.051854224944252
Burr count calibrated,Parent orders,13.3,6,50–100%,1.0108572173017758
Burr count calibrated,Parent orders,13.3,7,>100%,0.9815900584182016
Burr count calibrated,Parent orders,13.4,1,0–1%,6.425913801216321
Burr count calibrated,Parent orders,13.4,2,1–5%,72.35405499282187
Burr count calibrated,Parent orders,13.4,3,5–10%,10.715809832555495
Burr count calibrated,Parent orders,13.4,4,10–25%,6.357847913351784
Burr count calibrated,Parent orders,13.4,5,25–50%,2.0938667454876945
Burr count calibrated,Parent orders,13.4,6,50–100%,1.036490223605893
Burr count calibrated,Parent orders,13.4,7,>100%,1.0160164909609422
Burr count calibrated,Parent orders,13.5,1,0–1%,6.274428557386125
Burr count calibrated,Parent orders,13.5,2,1–5%,72.21442639428071
Burr count calibrated,Parent orders,13.5,3,5–10%,10.812592401396243
Burr count calibrated,Parent orders,13.5,4,10–25%,6.449118487253154
Burr count calibrated,Parent orders,13.5,5,25–50%,2.1359894003049535
Burr count calibrated,Parent orders,13.5,6,50–100%,1.0623286383054946
Burr count calibrated,Parent orders,13.5,7,>100%,1.051116121073327
Burr count calibrated,Parent orders,13.6,1,0–1%,6.1270867918006955
Burr count calibrated,Parent orders,13.6,2,1–5%,72.07128860912661
Burr count calibrated,Parent orders,13.6,3,5–10%,10.90817567544174
Burr count calibrated,Parent orders,13.6,4,10–25%,6.539982618413398
Burr count calibrated,Parent orders,13.6,5,25–50%,2.1782121753980963
Burr count calibrated,Parent orders,13.6,6,50–100%,1.0883660738941558
Burr count calibrated,Parent orders,13.6,7,>100%,1.0868880559252994
Burr count calibrated,Parent orders,13.7,1,0–1%,5.983764636974154
Burr count calibrated,Parent orders,13.7,2,1–5%,71.92479222167594
Burr count calibrated,Parent orders,13.7,3,5–10%,11.002563348423038
Burr count calibrated,Parent orders,13.7,4,10–25%,6.630427172064063
Burr count calibrated,Parent orders,13.7,5,25–50%,2.220525252152308
Burr count calibrated,Parent orders,13.7,6,50–100%,1.1145961744113475
Burr count calibrated,Parent orders,13.7,7,>100%,1.1233311942991382
Burr count calibrated,Parent orders,13.8,1,0–1%,5.844342043358264
Burr count calibrated,Parent orders,13.8,2,1–5%,71.77508291661275
Burr count calibrated,Parent orders,13.8,3,5–10%,11.095759575306607
Burr count calibrated,Parent orders,13.8,4,10–25%,6.720439604570336
Burr count calibrated,Parent orders,13.8,5,25–50%,2.2629190080383506
Burr count calibrated,Parent orders,13.8,6,50–100%,1.14101261962695
Burr count calibrated,Parent orders,13.8,7,>100%,1.1604442324867452
Burr count calibrated,Parent orders,13.9,1,0–1%,5.7087026676699075
Burr count calibrated,Parent orders,13.9,2,1–5%,71.62230162216025
Burr count calibrated,Parent orders,13.9,3,5–10%,11.187768945979723
Burr count calibrated,Parent orders,13.9,4,10–25%,6.810007948017413
Burr count calibrated,Parent orders,13.9,5,25–50%,2.3053840170245143
Burr count calibrated,Parent orders,13.9,6,50–100%,1.1676091289799726
Burr count calibrated,Parent orders,13.9,7,>100%,1.1982256701682132
Burr count calibrated,Parent orders,14,1,0–1%,5.5767337637287255
Burr count calibrated,Parent orders,14,2,1–5%,71.46658465005372
Burr count calibrated,Parent orders,14,3,5–10%,11.278596460015887
Burr count calibrated,Parent orders,14,4,10–25%,6.899120794942301
Burr count calibrated,Parent orders,14,5,25–50%,2.3479110497164237
Burr count calibrated,Parent orders,14,6,50–100%,1.194379465279383
Burr count calibrated,Parent orders,14,7,>100%,1.236673816263561
Burr count calibrated,Parent orders,14.1,1,0–1%,5.448326075814746
Burr count calibrated,Parent orders,14.1,2,1–5%,71.3080638323041
Burr count calibrated,Parent orders,14.1,3,5–10%,11.368247502485188
Burr count calibrated,Parent orders,14.1,4,10–25%,6.987767283228302
Burr count calibrated,Parent orders,14.1,5,25–50%,2.3904910732424947
Burr count calibrated,Parent orders,14.1,6,50–100%,1.2213174381750274
Burr count calibrated,Parent orders,14.1,7,>100%,1.2757867947501433
Burr count calibrated,Parent orders,14.2,1,0–1%,5.3233737345476095
Burr count calibrated,Parent orders,14.2,2,1–5%,71.14686665475215
Burr count calibrated,Parent orders,14.2,3,5–10%,11.456727820774988
Burr count calibrated,Parent orders,14.2,4,10–25%,7.075937081178235
Burr count calibrated,Parent orders,14.2,5,25–50%,2.4331152509017175
Burr count calibrated,Parent orders,14.2,6,50–100%,1.2484169074065399
Burr count calibrated,Parent orders,14.2,7,>100%,1.3155625504387762
Burr count calibrated,Parent orders,14.3,1,0–1%,5.201774155284311
Burr count calibrated,Parent orders,14.3,2,1–5%,70.98311638741818
Burr count calibrated,Parent orders,14.3,3,5–10%,11.544043502386998
Burr count calibrated,Parent orders,14.3,4,10–25%,7.1636203727801355
Burr count calibrated,Parent orders,14.3,5,25–50%,2.475774941590103
Burr count calibrated,Parent orders,14.3,6,50–100%,1.2756717858380742
Burr count calibrated,Parent orders,14.3,7,>100%,1.3559988547021986
Burr count calibrated,Parent orders,14.4,1,0–1%,5.083427939025698
Burr count calibrated,Parent orders,14.4,2,1–5%,70.81693221166142
Burr count calibrated,Parent orders,14.4,3,5–10%,11.630200953677367
Burr count calibrated,Parent orders,14.4,4,10–25%,7.2508078431779115
Burr count calibrated,Parent orders,14.4,5,25–50%,2.518461699020949
Burr count calibrated,Parent orders,14.4,6,50–100%,1.3030760422866625
Burr count calibrated,Parent orders,14.4,7,>100%,1.3970933111499941
Burr count calibrated,Parent orders,14.5,1,0–1%,4.968238775817724
Burr count calibrated,Parent orders,14.5,2,1–5%,70.64842934416721
Burr count calibrated,Parent orders,14.5,3,5–10%,11.71520687950701
Burr count calibrated,Parent orders,14.5,4,10–25%,7.337490664357832
Burr count calibrated,Parent orders,14.5,5,25–50%,2.561167270753775
Burr count calibrated,Parent orders,14.5,6,50–100%,1.330623704151848
Burr count calibrated,Parent orders,14.5,7,>100%,1.4388433612445912
Burr count calibrated,Parent orders,14.6,1,0–1%,4.85611335062861
Burr count calibrated,Parent orders,14.6,2,1–5%,70.47771915778776
Burr count calibrated,Parent orders,14.6,3,5–10%,11.799068263770204
Burr count calibrated,Parent orders,14.6,4,10–25%,7.423660481060129
Burr count calibrated,Parent orders,14.6,5,25–50%,2.6038835970457415
Burr count calibrated,Parent orders,14.6,6,50–100%,1.3583088598541573
Burr count calibrated,Parent orders,14.6,7,>100%,1.481246289853397
Burr count calibrated,Parent orders,14.7,1,0–1%,4.746961251679105
Burr count calibrated,Parent orders,14.7,2,1–5%,70.30490929926492
Burr count calibrated,Parent orders,14.7,3,5–10%,11.88179235077026
Burr count calibrated,Parent orders,14.7,4,10–25%,7.5093093969241655
Burr count calibrated,Parent orders,14.7,5,25–50%,2.6466028095389773
Burr count calibrated,Parent orders,14.7,6,50–100%,1.3861256610898816
Burr count calibrated,Parent orders,14.7,7,>100%,1.5242992307326886
Burr count calibrated,Parent orders,14.8,1,0–1%,4.640694881199591
Burr count calibrated,Parent orders,14.8,2,1–5%,70.1301038038703
Burr count calibrated,Parent orders,14.8,3,5–10%,11.96338662741145
Burr count calibrated,Parent orders,14.8,4,10–25%,7.5944299608738275
Burr count calibrated,Parent orders,14.8,5,25–50%,2.689317229796319
Burr count calibrated,Parent orders,14.8,6,50–100%,1.414068324909437
Burr count calibrated,Parent orders,14.8,7,>100%,1.5679991719390711
Burr count calibrated,Parent orders,14.9,1,0–1%,4.537229368584472
Burr count calibrated,Parent orders,14.9,2,1–5%,69.95340320699945
Burr count calibrated,Parent orders,14.9,3,5–10%,12.043858806177704
Burr count calibrated,Parent orders,14.9,4,10–25%,7.679015153749333
Burr count calibrated,Parent orders,14.9,5,25–50%,2.732019367697558
Burr count calibrated,Parent orders,14.9,6,50–100%,1.442131135626469
Burr count calibrated,Parent orders,14.9,7,>100%,1.61234296116501
Burr count calibrated,Parent orders,15,1,0–1%,4.436482485911397
Burr count calibrated,Parent orders,15,2,1–5%,69.77490465276217
Burr count calibrated,Parent orders,15,3,5–10%,12.123216808868973
Burr count calibrated,Parent orders,15,4,10–25%,7.763058375189975
Burr count calibrated,Parent orders,15,5,25–50%,2.7747019197076064
Burr count calibrated,Parent orders,15,6,50–100%,1.4703084465648002
Burr count calibrated,Parent orders,15,7,>100%,1.6573273109950726
